branch_name,person_id
Santiago de Compostela,83825924424
Zuazo de Vitoria,22420245559
Almería,88863537287
Valladolid,96657362446
Málaga,82990955568
Algeciras,53110650652
Santander,27293784139
Logroño,47299576752
Málaga,53110650652
Vigo,09094003799
Mataró,15606096196
Zaragoza,58683803325
Zuazo de Vitoria,65163997181
Córdoba,05425346581
León,40726689600
Almería,50841882511
Valencia,49092556502
Murcia,47299576752
Cádiz,68530518609
A Coruña,44012636419
Toledo,47299576752
Salamanca,79631919356
Barcelona,52125620606
Santa María de Gracia,67444972289
León,95559533224
Barcelona,47299576752
Gijón,05425346581
A Coruña,69061853808
Córdoba,65163997181
Granada,82990955568
Burgos,74508073429
Cádiz,96657362446
Salamanca,40726689600
Almería,40726689600
Alicante,99031217996
Gijón,59749976979
Valladolid,52125620606
León,50841882511
León,96657362446
Santa María de Gracia,20434309772
A Coruña,40726689600
Granada,69061853808
Almería,65163997181
Huelva,74508073429
Santander,39210372198
Palma,15623127304
Salamanca,20434309772
Lorca,58683803325
Mataró,99031217996
