insert into PERSON (id, fname, lname, phone_number, home_number, home_addr, work_addr) values (1, 'Maryann', 'Thicking', '{+7 392 712 1145}', '{+86 707 654 1213}', '38412 Manley Court', '43977 Lyons Terrace');
insert into PERSON (id, fname, lname, phone_number, home_number, home_addr, work_addr) values (2, 'Jaine', 'Tuffield', '{+55 758 421 1496}', '{+62 515 672 4615}', '8 Riverside Parkway', '3415 Donald Road');
insert into PERSON (id, fname, lname, phone_number, home_number, home_addr, work_addr) values (3, 'Thomasa', 'MacGebenay', '{+54 230 367 7541}', '{+86 881 566 7366}', '15312 Oak Trail', '4499 Tennessee Parkway');
insert into PERSON (id, fname, lname, phone_number, home_number, home_addr, work_addr) values (4, 'Lennie', 'Tullis', '{+964 962 456 3523}', '{+86 766 155 8093}', '3057 Carpenter Point', '36 Pennsylvania Street');
insert into PERSON (id, fname, lname, phone_number, home_number, home_addr, work_addr) values (5, 'Katheryn', 'Muat', '{+380 218 422 2187}', '{+1 559 113 4376}', '12 Heffernan Court', '3477 Dorton Crossing');
insert into PERSON (id, fname, lname, phone_number, home_number, home_addr, work_addr) values (6, 'Merrill', 'Barkly', '{+45 159 232 1181}', '{+48 603 505 8423}', '1816 Comanche Parkway', '84908 Paget Trail');
insert into PERSON (id, fname, lname, phone_number, home_number, home_addr, work_addr) values (7, 'Arlena', 'Heyburn', '{+351 959 598 4321}', '{+63 127 578 2989}', '2 Hazelcrest Way', '38598 Sutherland Place');
insert into PERSON (id, fname, lname, phone_number, home_number, home_addr, work_addr) values (8, 'Dwain', 'Daspar', '{+86 637 833 5227}', '{+62 471 181 5026}', '61 Jana Point', '45 Acker Center');
insert into PERSON (id, fname, lname, phone_number, home_number, home_addr, work_addr) values (9, 'Jaquith', 'Maryott', '{+504 633 964 2196}', '{+351 480 162 6897}', '75 Oak Valley Terrace', '28752 Pine View Junction');
insert into PERSON (id, fname, lname, phone_number, home_number, home_addr, work_addr) values (10, 'Danette', 'Heber', '{+7 572 858 7393}', '{+63 567 369 0008}', '7414 5th Crossing', '279 Continental Plaza');
insert into PERSON (id, fname, lname, phone_number, home_number, home_addr, work_addr) values (11, 'Adi', 'Trenchard', '{+504 937 308 1501}', '{+54 631 270 4385}', '9 Valley Edge Junction', '5 Scofield Road');
insert into PERSON (id, fname, lname, phone_number, home_number, home_addr, work_addr) values (12, 'Grange', 'Warke', '{+355 749 525 9931}', '{+420 857 407 5375}', '97 Bobwhite Road', '240 Elka Place');
insert into PERSON (id, fname, lname, phone_number, home_number, home_addr, work_addr) values (13, 'Quentin', 'Jardine', '{+351 683 110 5363}', '{+1 347 699 1091}', '64342 Fallview Avenue', '0728 Hauk Hill');
insert into PERSON (id, fname, lname, phone_number, home_number, home_addr, work_addr) values (14, 'Barbabas', 'Wiles', '{+30 722 155 8751}', '{+55 651 140 5279}', '8 Talmadge Point', '4891 Forest Run Parkway');
insert into PERSON (id, fname, lname, phone_number, home_number, home_addr, work_addr) values (15, 'Gregorio', 'Plenderleith', '{+351 348 678 7555}', '{+62 291 968 1208}', '9 Lakewood Gardens Plaza', '99431 Troy Place');
insert into PERSON (id, fname, lname, phone_number, home_number, home_addr, work_addr) values (16, 'Hermon', 'Slessor', '{+370 521 842 2110}', '{+420 641 548 0343}', '425 Carberry Way', '53 Maple Wood Avenue');
insert into PERSON (id, fname, lname, phone_number, home_number, home_addr, work_addr) values (17, 'Ashil', 'Whittles', '{+254 411 381 9806}', '{+62 463 250 0513}', '996 Arrowood Road', '29 Vidon Avenue');
insert into PERSON (id, fname, lname, phone_number, home_number, home_addr, work_addr) values (18, 'Terrel', 'Morland', '{+7 335 895 1459}', '{+234 870 816 7724}', '9 Service Pass', '54574 Judy Circle');
insert into PERSON (id, fname, lname, phone_number, home_number, home_addr, work_addr) values (19, 'Hillier', 'Hailwood', '{+351 488 121 9566}', '{+358 890 703 8623}', '762 Kinsman Pass', '8 Bluestem Court');
insert into PERSON (id, fname, lname, phone_number, home_number, home_addr, work_addr) values (20, 'Patric', 'Ronnay', '{+237 773 224 1518}', '{+1 864 444 2364}', '1 Namekagon Way', '0 Fallview Plaza');
insert into PERSON (id, fname, lname, phone_number, home_number, home_addr, work_addr) values (21, 'Calhoun', 'Jovicic', '{+63 548 101 3434}', '{+30 113 142 0767}', '5 Eastwood Alley', '77297 Sage Hill');
insert into PERSON (id, fname, lname, phone_number, home_number, home_addr, work_addr) values (22, 'Hillel', 'Kembrey', '{+62 378 334 1990}', '{+64 971 992 3918}', '8 Daystar Lane', '65 Prairie Rose Park');
insert into PERSON (id, fname, lname, phone_number, home_number, home_addr, work_addr) values (23, 'Patty', 'Carstairs', '{+7 796 859 5205}', '{+52 805 565 0164}', '70905 Summer Ridge Court', '5381 Farwell Street');
insert into PERSON (id, fname, lname, phone_number, home_number, home_addr, work_addr) values (24, 'Cris', 'Dufour', '{+54 593 195 1447}', '{+33 894 998 7891}', '668 Sheridan Circle', '3276 Stuart Crossing');
insert into PERSON (id, fname, lname, phone_number, home_number, home_addr, work_addr) values (25, 'Yoshi', 'Matejic', '{+48 313 799 9577}', '{+55 384 418 8232}', '8 Scott Lane', '05 Hagan Street');
insert into PERSON (id, fname, lname, phone_number, home_number, home_addr, work_addr) values (26, 'Blair', 'Pirrie', '{+86 900 787 7289}', '{+53 951 486 5938}', '3163 East Junction', '16 Linden Lane');
insert into PERSON (id, fname, lname, phone_number, home_number, home_addr, work_addr) values (27, 'Justinian', 'Hughill', '{+51 615 305 2283}', '{+7 521 654 9760}', '58 Kipling Place', '4418 Barby Road');
insert into PERSON (id, fname, lname, phone_number, home_number, home_addr, work_addr) values (28, 'Goran', 'Andrzejowski', '{+1 571 429 5075}', '{+62 657 253 2898}', '36 Erie Circle', '169 Anhalt Place');
insert into PERSON (id, fname, lname, phone_number, home_number, home_addr, work_addr) values (29, 'Avis', 'Vaughan-Hughes', '{+33 355 657 9677}', '{+62 449 257 8797}', '38001 Pepper Wood Drive', '487 Sunbrook Way');
insert into PERSON (id, fname, lname, phone_number, home_number, home_addr, work_addr) values (30, 'Ingrim', 'Bucher', '{+57 567 627 1212}', '{+7 835 688 9405}', '42950 Loeprich Drive', '51 Havey Point');
insert into PERSON (id, fname, lname, phone_number, home_number, home_addr, work_addr) values (31, 'Berti', 'Facer', '{+62 463 658 7121}', '{+86 342 216 3794}', '69976 Scott Court', '56 Magdeline Road');
insert into PERSON (id, fname, lname, phone_number, home_number, home_addr, work_addr) values (32, 'Bobbie', 'Cottage', '{+1 717 805 7130}', '{+86 390 589 1756}', '9 Southridge Circle', '14472 Charing Cross Parkway');
insert into PERSON (id, fname, lname, phone_number, home_number, home_addr, work_addr) values (33, 'Sig', 'Skeldinge', '{+62 761 350 8027}', '{+62 655 813 6027}', '897 Rutledge Center', '75914 Arapahoe Plaza');
insert into PERSON (id, fname, lname, phone_number, home_number, home_addr, work_addr) values (34, 'Tommie', 'Eykelhof', '{+20 190 783 7558}', '{+691 868 144 1902}', '8337 Hintze Crossing', '4043 Londonderry Lane');
insert into PERSON (id, fname, lname, phone_number, home_number, home_addr, work_addr) values (35, 'Valera', 'Sirett', '{+93 614 800 7546}', '{+63 848 902 8875}', '00 Anzinger Parkway', '73 Blackbird Park');
insert into PERSON (id, fname, lname, phone_number, home_number, home_addr, work_addr) values (36, 'Amalita', 'Robet', '{+7 930 282 4602}', '{+86 889 630 4171}', '5 Forest Run Terrace', '627 Harbort Trail');
insert into PERSON (id, fname, lname, phone_number, home_number, home_addr, work_addr) values (37, 'Zacherie', 'Pettiward', '{+86 273 466 6887}', '{+255 554 275 2633}', '191 Alpine Pass', '7 Ilene Hill');
insert into PERSON (id, fname, lname, phone_number, home_number, home_addr, work_addr) values (38, 'Evan', 'Gethins', '{+54 933 617 1435}', '{+86 815 886 8274}', '72040 Forest Dale Court', '88 Clemons Avenue');
insert into PERSON (id, fname, lname, phone_number, home_number, home_addr, work_addr) values (39, 'Madelle', 'Rosell', '{+33 471 670 6952}', '{+81 681 181 0530}', '24 Valley Edge Pass', '83749 Haas Plaza');
insert into PERSON (id, fname, lname, phone_number, home_number, home_addr, work_addr) values (40, 'Lawry', 'Skeete', '{+94 617 803 0742}', '{+86 427 581 7061}', '73471 Village Green Park', '9 Toban Parkway');
insert into PERSON (id, fname, lname, phone_number, home_number, home_addr, work_addr) values (41, 'Ariadne', 'Shildrick', '{+351 797 274 2810}', '{+62 273 295 5387}', '004 Shoshone Park', '66206 Dayton Avenue');
insert into PERSON (id, fname, lname, phone_number, home_number, home_addr, work_addr) values (42, 'Jada', 'Risso', '{+86 613 463 6803}', '{+7 415 937 0303}', '51051 Trailsway Circle', '35 Moland Street');
insert into PERSON (id, fname, lname, phone_number, home_number, home_addr, work_addr) values (43, 'Darren', 'Niccols', '{+1 512 570 3239}', '{+55 465 458 8681}', '91 East Circle', '71 Loftsgordon Pass');
insert into PERSON (id, fname, lname, phone_number, home_number, home_addr, work_addr) values (44, 'Clo', 'Putland', '{+98 399 430 6207}', '{+86 940 616 3121}', '48 Moose Lane', '64932 Truax Terrace');
insert into PERSON (id, fname, lname, phone_number, home_number, home_addr, work_addr) values (45, 'Iris', 'Alexander', '{+86 734 962 9875}', '{+355 270 985 1533}', '26390 Homewood Pass', '55 Debra Junction');
insert into PERSON (id, fname, lname, phone_number, home_number, home_addr, work_addr) values (46, 'Nona', 'Powderham', '{+60 331 384 8437}', '{+255 956 523 0275}', '3 Buena Vista Plaza', '898 Brentwood Point');
insert into PERSON (id, fname, lname, phone_number, home_number, home_addr, work_addr) values (47, 'Mignon', 'Gillatt', '{+46 358 711 4850}', '{+351 271 771 5154}', '0 David Street', '2 Fairfield Alley');
insert into PERSON (id, fname, lname, phone_number, home_number, home_addr, work_addr) values (48, 'Kelwin', 'Densham', '{+30 128 365 7128}', '{+33 277 665 6744}', '2 New Castle Street', '32 Dunning Avenue');
insert into PERSON (id, fname, lname, phone_number, home_number, home_addr, work_addr) values (49, 'Friedrick', 'Medcalfe', '{+62 343 636 9551}', '{+62 426 879 9875}', '24240 Algoma Plaza', '79931 Knutson Court');
insert into PERSON (id, fname, lname, phone_number, home_number, home_addr, work_addr) values (50, 'Katya', 'Obell', '{+62 548 604 6393}', '{+57 240 655 3217}', '0327 Kropf Road', '91 Carioca Way');
insert into PERSON (id, fname, lname, phone_number, home_number, home_addr, work_addr) values (51, 'Liva', 'Poulden', '{+505 914 496 8512}', '{+374 943 807 2421}', '0914 Golden Leaf Junction', '1465 Gateway Court');
insert into PERSON (id, fname, lname, phone_number, home_number, home_addr, work_addr) values (52, 'Aaren', 'Vecard', '{+66 374 822 6327}', '{+244 206 546 7509}', '368 Clarendon Pass', '86 Golden Leaf Point');
insert into PERSON (id, fname, lname, phone_number, home_number, home_addr, work_addr) values (53, 'Harwell', 'Darbey', '{+502 183 177 7925}', '{+81 360 167 2795}', '3 Warner Parkway', '2 Linden Place');
insert into PERSON (id, fname, lname, phone_number, home_number, home_addr, work_addr) values (54, 'Windy', 'Laugherane', '{+372 199 192 3562}', '{+51 271 840 0369}', '88348 International Lane', '042 Hooker Parkway');
insert into PERSON (id, fname, lname, phone_number, home_number, home_addr, work_addr) values (55, 'Sheridan', 'Labba', '{+86 165 292 5180}', '{+93 127 140 1367}', '68 Monument Crossing', '9 Darwin Street');
insert into PERSON (id, fname, lname, phone_number, home_number, home_addr, work_addr) values (56, 'Darell', 'Larmor', '{+252 368 613 4386}', '{+30 282 819 8282}', '60 Cascade Way', '65835 Pierstorff Pass');
insert into PERSON (id, fname, lname, phone_number, home_number, home_addr, work_addr) values (57, 'Maxim', 'Diss', '{+33 598 295 7874}', '{+62 214 213 9837}', '433 Novick Circle', '3261 Dapin Park');
insert into PERSON (id, fname, lname, phone_number, home_number, home_addr, work_addr) values (58, 'Farrell', 'Curston', '{+234 240 299 2139}', '{+255 933 261 5199}', '44 Maywood Way', '5787 Sutteridge Avenue');
insert into PERSON (id, fname, lname, phone_number, home_number, home_addr, work_addr) values (59, 'Benjamin', 'Spadoni', '{+58 800 408 2059}', '{+7 251 605 4279}', '12475 Carioca Crossing', '7814 Summer Ridge Drive');
insert into PERSON (id, fname, lname, phone_number, home_number, home_addr, work_addr) values (60, 'Nicol', 'Sawers', '{+63 570 703 7420}', '{+62 295 712 1511}', '6 Havey Circle', '72222 Melby Drive');
insert into PERSON (id, fname, lname, phone_number, home_number, home_addr, work_addr) values (61, 'Sasha', 'Tuddenham', '{+62 399 899 4142}', '{+86 759 886 0827}', '44 Sloan Circle', '58513 Iowa Parkway');
insert into PERSON (id, fname, lname, phone_number, home_number, home_addr, work_addr) values (62, 'Marj', 'Budding', '{+55 993 759 1696}', '{+33 551 537 4202}', '632 Lakewood Terrace', '784 North Way');
insert into PERSON (id, fname, lname, phone_number, home_number, home_addr, work_addr) values (63, 'Bogey', 'Grimston', '{+502 553 887 5360}', '{+93 491 182 1369}', '389 Corben Court', '86274 Bashford Junction');
insert into PERSON (id, fname, lname, phone_number, home_number, home_addr, work_addr) values (64, 'Zelda', 'Buxey', '{+81 864 466 8466}', '{+57 406 774 5166}', '83129 Briar Crest Circle', '840 Forest Park');
insert into PERSON (id, fname, lname, phone_number, home_number, home_addr, work_addr) values (65, 'Tammy', 'Chittock', '{+420 373 773 9565}', '{+48 721 612 8812}', '2 Ridgeway Center', '7990 Katie Terrace');
insert into PERSON (id, fname, lname, phone_number, home_number, home_addr, work_addr) values (66, 'Ephrayim', 'Gillison', '{+34 806 619 3896}', '{+976 457 376 3758}', '2 Farragut Trail', '41759 Northland Point');
insert into PERSON (id, fname, lname, phone_number, home_number, home_addr, work_addr) values (67, 'Lea', 'Adolphine', '{+86 708 883 9242}', '{+33 281 339 4925}', '4839 Aberg Avenue', '85 Riverside Trail');
insert into PERSON (id, fname, lname, phone_number, home_number, home_addr, work_addr) values (68, 'Idette', 'Puxley', '{+58 807 782 6765}', '{+86 521 356 9518}', '221 Tennessee Plaza', '4858 New Castle Road');
insert into PERSON (id, fname, lname, phone_number, home_number, home_addr, work_addr) values (69, 'Thea', 'Dedmam', '{+52 796 125 0902}', '{+62 745 302 1649}', '0 Hagan Trail', '83 Debs Terrace');
insert into PERSON (id, fname, lname, phone_number, home_number, home_addr, work_addr) values (70, 'Dyane', 'Dockerty', '{+963 878 824 8302}', '{+51 207 839 0414}', '33656 Hoard Lane', '92953 Colorado Pass');
insert into PERSON (id, fname, lname, phone_number, home_number, home_addr, work_addr) values (71, 'Ezra', 'Heaven', '{+86 968 355 3469}', '{+242 543 623 6126}', '4534 West Road', '811 Anthes Point');
insert into PERSON (id, fname, lname, phone_number, home_number, home_addr, work_addr) values (72, 'Christabel', 'Doughartie', '{+502 220 704 5621}', '{+63 212 535 8695}', '7 Meadow Valley Drive', '93320 6th Parkway');
insert into PERSON (id, fname, lname, phone_number, home_number, home_addr, work_addr) values (73, 'Gordon', 'Sleicht', '{+54 677 518 1027}', '{+86 149 427 9022}', '806 Holmberg Court', '6143 Reinke Pass');
insert into PERSON (id, fname, lname, phone_number, home_number, home_addr, work_addr) values (74, 'Druci', 'Skurm', '{+81 261 504 8430}', '{+48 336 684 5821}', '85 Comanche Lane', '8620 Roxbury Hill');
insert into PERSON (id, fname, lname, phone_number, home_number, home_addr, work_addr) values (75, 'Roberto', 'Perri', '{+352 139 185 2343}', '{+30 799 869 7617}', '7298 Dayton Street', '014 Morning Avenue');
insert into PERSON (id, fname, lname, phone_number, home_number, home_addr, work_addr) values (76, 'Mufi', 'McNevin', '{+7 464 578 4291}', '{+86 216 912 3016}', '1 Lotheville Court', '386 Dottie Pass');
insert into PERSON (id, fname, lname, phone_number, home_number, home_addr, work_addr) values (77, 'Maurine', 'Fyall', '{+675 629 285 1727}', '{+46 214 447 4122}', '78 Eagan Pass', '0555 Comanche Hill');
insert into PERSON (id, fname, lname, phone_number, home_number, home_addr, work_addr) values (78, 'Roda', 'Dondon', '{+81 547 973 2741}', '{+86 445 159 6710}', '235 Del Sol Center', '098 Dennis Court');
insert into PERSON (id, fname, lname, phone_number, home_number, home_addr, work_addr) values (79, 'Tedda', 'Eggleston', '{+242 127 475 5370}', '{+420 177 991 7797}', '1 Magdeline Parkway', '87644 Ridgeway Place');
insert into PERSON (id, fname, lname, phone_number, home_number, home_addr, work_addr) values (80, 'Sena', 'Bowyer', '{+46 266 455 4562}', '{+505 122 543 0516}', '6547 Twin Pines Place', '03919 Brown Terrace');
insert into PERSON (id, fname, lname, phone_number, home_number, home_addr, work_addr) values (81, 'Sid', 'Petrakov', '{+995 191 613 1471}', '{+62 214 248 4827}', '42 Algoma Lane', '3739 Summit Alley');
insert into PERSON (id, fname, lname, phone_number, home_number, home_addr, work_addr) values (82, 'George', 'Judd', '{+63 183 666 7773}', '{+380 112 280 1789}', '679 Toban Trail', '759 Service Parkway');
insert into PERSON (id, fname, lname, phone_number, home_number, home_addr, work_addr) values (83, 'Jessie', 'Maasze', '{+81 581 660 5349}', '{+86 205 316 7141}', '82 John Wall Hill', '138 Tennessee Circle');
insert into PERSON (id, fname, lname, phone_number, home_number, home_addr, work_addr) values (84, 'Roselle', 'Chitson', '{+63 180 476 1038}', '{+261 258 547 3316}', '1 Farmco Circle', '7 Nova Point');
insert into PERSON (id, fname, lname, phone_number, home_number, home_addr, work_addr) values (85, 'Sampson', 'Gadney', '{+504 771 322 4276}', '{+92 759 737 1078}', '406 Elmside Court', '3139 Sheridan Plaza');
insert into PERSON (id, fname, lname, phone_number, home_number, home_addr, work_addr) values (86, 'Audry', 'Treske', '{+92 522 741 8408}', '{+502 521 333 0697}', '1432 Maple Avenue', '180 Anniversary Parkway');
insert into PERSON (id, fname, lname, phone_number, home_number, home_addr, work_addr) values (87, 'Gizela', 'Rowling', '{+66 551 991 8796}', '{+351 378 686 0029}', '21747 Scoville Place', '44 Norway Maple Park');
insert into PERSON (id, fname, lname, phone_number, home_number, home_addr, work_addr) values (88, 'Ross', 'Newlyn', '{+223 895 441 9811}', '{+86 695 908 8210}', '96610 Mesta Junction', '8280 Monument Plaza');
insert into PERSON (id, fname, lname, phone_number, home_number, home_addr, work_addr) values (89, 'Clim', 'Scamp', '{+31 704 214 8616}', '{+86 509 387 2389}', '8975 Onsgard Street', '76 Fallview Parkway');
insert into PERSON (id, fname, lname, phone_number, home_number, home_addr, work_addr) values (90, 'Nana', 'Soan', '{+86 178 910 8997}', '{+86 807 490 0194}', '33 Clarendon Parkway', '83 Talisman Junction');
insert into PERSON (id, fname, lname, phone_number, home_number, home_addr, work_addr) values (91, 'Dianemarie', 'Stainfield', '{+86 856 499 7071}', '{+57 561 385 4523}', '151 Waxwing Trail', '67 Eastwood Junction');
insert into PERSON (id, fname, lname, phone_number, home_number, home_addr, work_addr) values (92, 'Melita', 'Borrows', '{+358 868 565 8888}', '{+970 462 999 4286}', '2 Arrowood Street', '42791 Mendota Terrace');
insert into PERSON (id, fname, lname, phone_number, home_number, home_addr, work_addr) values (93, 'Rory', 'Brambell', '{+46 521 999 8790}', '{+7 126 786 2056}', '4 Buell Pass', '2667 Magdeline Plaza');
insert into PERSON (id, fname, lname, phone_number, home_number, home_addr, work_addr) values (94, 'Jeremie', 'Westoll', '{+57 158 310 5300}', '{+62 998 868 7301}', '7250 Nancy Court', '07169 Mosinee Park');
insert into PERSON (id, fname, lname, phone_number, home_number, home_addr, work_addr) values (95, 'Graehme', 'Crafter', '{+58 621 358 2375}', '{+265 968 190 6881}', '1152 Reindahl Trail', '649 Lunder Parkway');
insert into PERSON (id, fname, lname, phone_number, home_number, home_addr, work_addr) values (96, 'Stepha', 'de Chastelain', '{+46 697 818 3460}', '{+62 501 835 8680}', '34 Haas Plaza', '15 Scoville Circle');
insert into PERSON (id, fname, lname, phone_number, home_number, home_addr, work_addr) values (97, 'Corly', 'Puncher', '{+7 709 225 2036}', '{+233 768 192 2467}', '942 8th Circle', '304 Ronald Regan Plaza');
insert into PERSON (id, fname, lname, phone_number, home_number, home_addr, work_addr) values (98, 'Adelaide', 'Saunper', '{+86 245 311 7898}', '{+48 353 366 4069}', '14007 Mallory Crossing', '181 Center Plaza');
insert into PERSON (id, fname, lname, phone_number, home_number, home_addr, work_addr) values (99, 'Pattie', 'Sheivels', '{+86 421 638 4861}', '{+1 502 903 8590}', '9 Village Green Road', '71939 Victoria Court');
insert into PERSON (id, fname, lname, phone_number, home_number, home_addr, work_addr) values (100, 'Marlowe', 'Beric', '{+86 755 699 5860}', '{+33 574 630 7341}', '293 Raven Point', '4035 Northfield Way');
insert into PERSON (id, fname, lname, phone_number, home_number, home_addr, work_addr) values (101, 'Anica', 'Dockerty', '{+46 126 538 9635}', '{+298 979 527 4546}', '67 Clemons Plaza', '9 Sunfield Alley');
insert into PERSON (id, fname, lname, phone_number, home_number, home_addr, work_addr) values (102, 'Irvin', 'Matthiae', '{+62 409 481 1644}', '{+81 329 707 2772}', '123 Bartillon Place', '61281 Blue Bill Park Road');
insert into PERSON (id, fname, lname, phone_number, home_number, home_addr, work_addr) values (103, 'Auroora', 'Penhale', '{+86 846 364 9889}', '{+86 304 701 0544}', '6262 Stang Circle', '758 Magdeline Court');
insert into PERSON (id, fname, lname, phone_number, home_number, home_addr, work_addr) values (104, 'Bogey', 'Rudiger', '{+591 263 983 4352}', '{+86 761 279 5527}', '262 Blue Bill Park Avenue', '558 Dryden Crossing');
insert into PERSON (id, fname, lname, phone_number, home_number, home_addr, work_addr) values (105, 'Nadya', 'Linden', '{+51 971 486 5912}', '{+86 770 995 7321}', '35036 Gerald Alley', '14 Green Ridge Pass');
insert into PERSON (id, fname, lname, phone_number, home_number, home_addr, work_addr) values (106, 'Lenee', 'Stonall', '{+51 950 343 5601}', '{+212 788 978 6904}', '1 Southridge Trail', '34267 Hoard Road');
insert into PERSON (id, fname, lname, phone_number, home_number, home_addr, work_addr) values (107, 'Shayne', 'Balle', '{+46 767 378 2168}', '{+63 304 139 7624}', '666 Doe Crossing Plaza', '596 Del Sol Road');
insert into PERSON (id, fname, lname, phone_number, home_number, home_addr, work_addr) values (108, 'Rosa', 'Wardhaugh', '{+351 600 465 7052}', '{+33 186 429 9035}', '9094 Sloan Drive', '255 Chinook Trail');
insert into PERSON (id, fname, lname, phone_number, home_number, home_addr, work_addr) values (109, 'Ddene', 'Warnes', '{+66 835 996 6127}', '{+62 214 782 1338}', '2527 Lakeland Way', '9 Anderson Terrace');
insert into PERSON (id, fname, lname, phone_number, home_number, home_addr, work_addr) values (110, 'Ivy', 'Batthew', '{+380 481 563 7905}', '{+63 888 402 2336}', '71 Eagle Crest Junction', '217 Derek Parkway');
insert into PERSON (id, fname, lname, phone_number, home_number, home_addr, work_addr) values (111, 'Peder', 'Wilshaw', '{+7 747 859 8592}', '{+86 766 562 5857}', '92373 Delaware Plaza', '515 Arizona Plaza');
insert into PERSON (id, fname, lname, phone_number, home_number, home_addr, work_addr) values (112, 'Noland', 'O''Kerin', '{+7 370 896 6607}', '{+351 702 156 7110}', '52572 Barnett Terrace', '17076 Mayer Way');
insert into PERSON (id, fname, lname, phone_number, home_number, home_addr, work_addr) values (113, 'Ynes', 'Woolens', '{+51 747 818 9810}', '{+86 683 261 2338}', '267 Arapahoe Plaza', '6386 Hollow Ridge Plaza');
insert into PERSON (id, fname, lname, phone_number, home_number, home_addr, work_addr) values (114, 'Kit', 'Glentz', '{+86 975 984 3077}', '{+63 884 215 7531}', '60 Heffernan Hill', '658 Superior Crossing');
insert into PERSON (id, fname, lname, phone_number, home_number, home_addr, work_addr) values (115, 'Darby', 'Partener', '{+30 160 856 1052}', '{+86 372 257 7956}', '063 Springs Court', '34 Summerview Alley');
insert into PERSON (id, fname, lname, phone_number, home_number, home_addr, work_addr) values (116, 'Beatriz', 'Skegg', '{+63 313 138 3510}', '{+374 294 144 4263}', '044 Anhalt Point', '1859 Hoffman Center');
insert into PERSON (id, fname, lname, phone_number, home_number, home_addr, work_addr) values (117, 'Annadiane', 'Blessed', '{+33 517 286 1455}', '{+33 375 536 5393}', '1 East Way', '39417 Carioca Crossing');
insert into PERSON (id, fname, lname, phone_number, home_number, home_addr, work_addr) values (118, 'Shirlee', 'Challenor', '{+995 163 362 0449}', '{+255 508 995 3121}', '673 Lakewood Gardens Alley', '4068 Arapahoe Way');
insert into PERSON (id, fname, lname, phone_number, home_number, home_addr, work_addr) values (119, 'Katherine', 'Measen', '{+86 835 634 5041}', '{+52 558 271 6309}', '8357 Armistice Road', '1147 Sunfield Crossing');
insert into PERSON (id, fname, lname, phone_number, home_number, home_addr, work_addr) values (120, 'Arabela', 'Leverett', '{+55 115 977 1575}', '{+1 706 692 6452}', '34 Emmet Place', '8832 Mifflin Circle');
insert into PERSON (id, fname, lname, phone_number, home_number, home_addr, work_addr) values (121, 'Myrtia', 'Eilers', '{+595 935 649 0817}', '{+358 696 723 1193}', '7 Eagle Crest Center', '00 Stang Court');
insert into PERSON (id, fname, lname, phone_number, home_number, home_addr, work_addr) values (122, 'Urbain', 'Danser', '{+86 606 932 7367}', '{+86 557 449 7096}', '67758 Tennessee Center', '5427 Summit Alley');
insert into PERSON (id, fname, lname, phone_number, home_number, home_addr, work_addr) values (123, 'Linus', 'Gerrets', '{+86 428 986 2826}', '{+33 457 708 0773}', '0530 Mesta Way', '94720 Montana Lane');
insert into PERSON (id, fname, lname, phone_number, home_number, home_addr, work_addr) values (124, 'Bobina', 'Cardenoso', '{+1 251 689 7951}', '{+994 299 592 8377}', '29 Lillian Parkway', '70088 Prentice Pass');
insert into PERSON (id, fname, lname, phone_number, home_number, home_addr, work_addr) values (125, 'Carolee', 'Mathe', '{+351 251 707 6616}', '{+1 815 741 2924}', '709 Butternut Parkway', '94 Cascade Hill');
insert into PERSON (id, fname, lname, phone_number, home_number, home_addr, work_addr) values (126, 'Thibaud', 'Kelbie', '{+850 109 280 3400}', '{+373 116 651 3233}', '773 Shoshone Pass', '83 Donald Point');
insert into PERSON (id, fname, lname, phone_number, home_number, home_addr, work_addr) values (127, 'Jaquenetta', 'Bloyes', '{+63 106 285 4004}', '{+63 445 665 3375}', '5654 Jana Alley', '390 Drewry Way');
insert into PERSON (id, fname, lname, phone_number, home_number, home_addr, work_addr) values (128, 'Ninnette', 'Caulliere', '{+86 491 384 8188}', '{+1 295 363 8165}', '438 West Trail', '06 Fuller Plaza');
insert into PERSON (id, fname, lname, phone_number, home_number, home_addr, work_addr) values (129, 'Briggs', 'Saville', '{+351 699 744 7946}', '{+1 286 471 9672}', '8 Vermont Junction', '7978 Judy Center');
insert into PERSON (id, fname, lname, phone_number, home_number, home_addr, work_addr) values (130, 'Boone', 'Dinnage', '{+1 425 106 8109}', '{+62 855 387 1721}', '295 Delladonna Park', '45 Moose Trail');
insert into PERSON (id, fname, lname, phone_number, home_number, home_addr, work_addr) values (131, 'Elsinore', 'Fardy', '{+1 757 562 3572}', '{+62 981 812 9807}', '0 Hallows Hill', '422 Lakewood Place');
insert into PERSON (id, fname, lname, phone_number, home_number, home_addr, work_addr) values (132, 'Dolorita', 'Ingerith', '{+1 802 441 1767}', '{+86 617 193 8917}', '82273 Becker Lane', '820 Hansons Alley');
insert into PERSON (id, fname, lname, phone_number, home_number, home_addr, work_addr) values (133, 'Batholomew', 'Bootland', '{+86 616 785 8951}', '{+86 340 492 5115}', '79208 Dwight Alley', '4071 Lindbergh Point');
insert into PERSON (id, fname, lname, phone_number, home_number, home_addr, work_addr) values (134, 'Laurette', 'Hanselmann', '{+46 352 722 4019}', '{+48 584 943 3334}', '7 Northfield Way', '5 Holy Cross Court');
insert into PERSON (id, fname, lname, phone_number, home_number, home_addr, work_addr) values (135, 'Gus', 'Jackalin', '{+86 710 334 3295}', '{+351 850 763 6057}', '2070 Barnett Terrace', '1526 Northfield Crossing');
insert into PERSON (id, fname, lname, phone_number, home_number, home_addr, work_addr) values (136, 'Doralynne', 'Stebbins', '{+62 887 647 9443}', '{+967 393 210 4565}', '66085 Mariners Cove Park', '86 Lindbergh Drive');
insert into PERSON (id, fname, lname, phone_number, home_number, home_addr, work_addr) values (137, 'Kimberlyn', 'Tenwick', '{+63 946 205 4657}', '{+30 481 983 5554}', '93489 Bay Park', '92965 Sullivan Point');
insert into PERSON (id, fname, lname, phone_number, home_number, home_addr, work_addr) values (138, 'Brook', 'Bousquet', '{+30 467 662 3009}', '{+691 713 306 1063}', '73844 Melody Drive', '1713 Eastwood Park');
insert into PERSON (id, fname, lname, phone_number, home_number, home_addr, work_addr) values (139, 'Miguelita', 'Braybrooke', '{+62 344 833 7923}', '{+7 129 307 4995}', '024 Katie Plaza', '6469 Graceland Court');
insert into PERSON (id, fname, lname, phone_number, home_number, home_addr, work_addr) values (140, 'Engracia', 'Staples', '{+63 605 531 6206}', '{+63 782 590 5382}', '44252 Arrowood Court', '529 Monica Plaza');
insert into PERSON (id, fname, lname, phone_number, home_number, home_addr, work_addr) values (141, 'Gladys', 'Eisikowitz', '{+1 904 471 1475}', '{+33 851 436 4341}', '7471 High Crossing Parkway', '6 Mockingbird Hill');
insert into PERSON (id, fname, lname, phone_number, home_number, home_addr, work_addr) values (142, 'Radcliffe', 'Coping', '{+351 522 299 1860}', '{+1 494 529 3461}', '06843 Redwing Park', '8 Hayes Point');
insert into PERSON (id, fname, lname, phone_number, home_number, home_addr, work_addr) values (143, 'Huntlee', 'FitzAlan', '{+62 673 887 0390}', '{+1 303 656 8270}', '61 Buell Lane', '84959 Scoville Terrace');
insert into PERSON (id, fname, lname, phone_number, home_number, home_addr, work_addr) values (144, 'Glenna', 'Purry', '{+62 443 255 4686}', '{+53 272 310 7971}', '16 Hoard Pass', '95 Butterfield Parkway');
insert into PERSON (id, fname, lname, phone_number, home_number, home_addr, work_addr) values (145, 'Pavla', 'Bettley', '{+44 951 112 5321}', '{+31 105 897 4355}', '20 American Hill', '724 Onsgard Road');
insert into PERSON (id, fname, lname, phone_number, home_number, home_addr, work_addr) values (146, 'Finn', 'Stanfield', '{+55 938 423 3315}', '{+81 602 792 1393}', '776 Magdeline Pass', '2 Bartillon Lane');
insert into PERSON (id, fname, lname, phone_number, home_number, home_addr, work_addr) values (147, 'Carly', 'Mount', '{+967 946 956 0052}', '{+351 278 761 1343}', '63 Northridge Junction', '93 Shoshone Court');
insert into PERSON (id, fname, lname, phone_number, home_number, home_addr, work_addr) values (148, 'Chancey', 'Vasile', '{+353 670 351 8271}', '{+7 905 507 7740}', '1635 Ilene Road', '29 Waubesa Circle');
insert into PERSON (id, fname, lname, phone_number, home_number, home_addr, work_addr) values (149, 'Anastasia', 'Goacher', '{+389 615 343 0524}', '{+86 806 737 9179}', '09 Lighthouse Bay Alley', '8021 New Castle Way');
insert into PERSON (id, fname, lname, phone_number, home_number, home_addr, work_addr) values (150, 'Gabbey', 'Band', '{+62 751 451 1978}', '{+355 643 316 6372}', '8 Welch Road', '5 Rigney Road');
insert into PERSON (id, fname, lname, phone_number, home_number, home_addr, work_addr) values (151, 'Phyllis', 'Pridie', '{+682 247 939 9098}', '{+33 684 283 3595}', '40 Corry Center', '1103 Bonner Place');
insert into PERSON (id, fname, lname, phone_number, home_number, home_addr, work_addr) values (152, 'Mata', 'Ardling', '{+55 667 928 2612}', '{+86 547 333 7894}', '024 Saint Paul Park', '481 Corscot Trail');
insert into PERSON (id, fname, lname, phone_number, home_number, home_addr, work_addr) values (153, 'Cross', 'Marusik', '{+48 344 799 7025}', '{+381 584 741 7247}', '7 Gina Alley', '9488 Del Mar Trail');
insert into PERSON (id, fname, lname, phone_number, home_number, home_addr, work_addr) values (154, 'Ruthanne', 'Aldhous', '{+1 323 467 8661}', '{+62 607 727 3003}', '730 Sutherland Lane', '26031 Straubel Circle');
insert into PERSON (id, fname, lname, phone_number, home_number, home_addr, work_addr) values (155, 'Darrin', 'Stodart', '{+30 448 945 3238}', '{+46 919 880 8444}', '6362 High Crossing Center', '5018 Scofield Way');
insert into PERSON (id, fname, lname, phone_number, home_number, home_addr, work_addr) values (156, 'Beltran', 'McGibbon', '{+56 566 258 3833}', '{+62 345 339 2647}', '41 Riverside Plaza', '7389 Golf Park');
insert into PERSON (id, fname, lname, phone_number, home_number, home_addr, work_addr) values (157, 'Ynez', 'Sayer', '{+63 844 277 1552}', '{+504 876 464 0418}', '393 Mccormick Park', '47 Loeprich Pass');
insert into PERSON (id, fname, lname, phone_number, home_number, home_addr, work_addr) values (158, 'Myrtle', 'Cockroft', '{+856 355 995 8419}', '{+30 256 946 3066}', '818 Boyd Circle', '6639 Hagan Way');
insert into PERSON (id, fname, lname, phone_number, home_number, home_addr, work_addr) values (159, 'Davidson', 'Pleven', '{+62 435 418 8367}', '{+357 694 480 8076}', '51 Dixon Alley', '86 Waubesa Pass');
insert into PERSON (id, fname, lname, phone_number, home_number, home_addr, work_addr) values (160, 'Josi', 'Rosencwaig', '{+351 677 232 2242}', '{+62 293 980 0113}', '8 Swallow Crossing', '1 Gina Crossing');
insert into PERSON (id, fname, lname, phone_number, home_number, home_addr, work_addr) values (161, 'Kalvin', 'Atlee', '{+86 228 289 9550}', '{+55 324 454 2822}', '86 Clarendon Point', '1159 Service Parkway');
insert into PERSON (id, fname, lname, phone_number, home_number, home_addr, work_addr) values (162, 'Mohandis', 'Vanyushkin', '{+63 564 787 4013}', '{+56 349 436 4623}', '47 Upham Avenue', '1406 West Plaza');
insert into PERSON (id, fname, lname, phone_number, home_number, home_addr, work_addr) values (163, 'Guido', 'Tubridy', '{+225 339 331 1220}', '{+62 801 418 4734}', '76310 Del Sol Parkway', '4 Vermont Road');
insert into PERSON (id, fname, lname, phone_number, home_number, home_addr, work_addr) values (164, 'Drucy', 'Mackiewicz', '{+62 321 709 6069}', '{+86 881 479 3391}', '5 Rusk Trail', '35 Gale Road');
insert into PERSON (id, fname, lname, phone_number, home_number, home_addr, work_addr) values (165, 'Vita', 'Wortt', '{+63 376 895 9934}', '{+86 764 844 2252}', '9712 Novick Place', '602 Merchant Center');
insert into PERSON (id, fname, lname, phone_number, home_number, home_addr, work_addr) values (166, 'Chadd', 'Schoenrock', '{+62 856 900 2436}', '{+62 993 681 0947}', '056 Sutteridge Drive', '63817 Waywood Trail');
insert into PERSON (id, fname, lname, phone_number, home_number, home_addr, work_addr) values (167, 'Sydney', 'Ost', '{+51 614 730 8614}', '{+420 108 695 4182}', '79 Hanson Parkway', '594 Starling Road');
insert into PERSON (id, fname, lname, phone_number, home_number, home_addr, work_addr) values (168, 'Roscoe', 'Chitson', '{+30 313 813 4338}', '{+420 405 792 2532}', '244 Graceland Lane', '6 Del Mar Way');
insert into PERSON (id, fname, lname, phone_number, home_number, home_addr, work_addr) values (169, 'Genvieve', 'Cloney', '{+62 475 900 7948}', '{+7 644 594 5462}', '66040 Namekagon Avenue', '1 Merchant Lane');
insert into PERSON (id, fname, lname, phone_number, home_number, home_addr, work_addr) values (170, 'Lainey', 'Fomichyov', '{+48 372 190 4183}', '{+62 561 199 2367}', '46995 Manitowish Terrace', '71256 Karstens Center');
insert into PERSON (id, fname, lname, phone_number, home_number, home_addr, work_addr) values (171, 'Luther', 'Wychard', '{+86 797 464 8005}', '{+86 743 816 8315}', '530 Carberry Hill', '636 Mayer Hill');
insert into PERSON (id, fname, lname, phone_number, home_number, home_addr, work_addr) values (172, 'Elora', 'Kindleysides', '{+66 946 866 5916}', '{+55 379 838 9638}', '6 Kedzie Park', '3975 Browning Trail');
insert into PERSON (id, fname, lname, phone_number, home_number, home_addr, work_addr) values (173, 'Etheline', 'Kobierra', '{+420 876 238 9301}', '{+7 289 340 1712}', '48755 Calypso Lane', '2 Granby Court');
insert into PERSON (id, fname, lname, phone_number, home_number, home_addr, work_addr) values (174, 'Gustaf', 'Taffie', '{+62 565 295 3995}', '{+420 977 536 6424}', '50 Sunfield Trail', '52 Cottonwood Road');
insert into PERSON (id, fname, lname, phone_number, home_number, home_addr, work_addr) values (175, 'Vale', 'Lamble', '{+55 139 478 4552}', '{+55 139 355 3591}', '19569 Mccormick Point', '5 Talisman Parkway');
insert into PERSON (id, fname, lname, phone_number, home_number, home_addr, work_addr) values (176, 'Daloris', 'Stanluck', '{+48 273 908 2396}', '{+86 863 212 3260}', '14 Randy Trail', '8347 Hudson Parkway');
insert into PERSON (id, fname, lname, phone_number, home_number, home_addr, work_addr) values (177, 'Tonie', 'Mulliner', '{+86 101 236 6914}', '{+593 144 531 3546}', '1 4th Road', '308 Toban Way');
insert into PERSON (id, fname, lname, phone_number, home_number, home_addr, work_addr) values (178, 'Ariella', 'Farrand', '{+86 328 227 9720}', '{+7 770 264 5955}', '25 Logan Plaza', '4 Thackeray Plaza');
insert into PERSON (id, fname, lname, phone_number, home_number, home_addr, work_addr) values (179, 'Alayne', 'Drance', '{+7 809 980 3887}', '{+63 801 256 2106}', '52 Lake View Center', '4047 Longview Alley');
insert into PERSON (id, fname, lname, phone_number, home_number, home_addr, work_addr) values (180, 'Stephana', 'Konerding', '{+86 975 936 7159}', '{+62 297 550 2935}', '7 Bartillon Hill', '90068 Milwaukee Street');
insert into PERSON (id, fname, lname, phone_number, home_number, home_addr, work_addr) values (181, 'Ode', 'Cornner', '{+63 154 122 7722}', '{+92 693 873 0643}', '897 Lakewood Circle', '15 Fairview Point');
insert into PERSON (id, fname, lname, phone_number, home_number, home_addr, work_addr) values (182, 'Ringo', 'Gradly', '{+7 279 262 2902}', '{+370 741 345 7328}', '9770 Almo Place', '381 Sachs Hill');
insert into PERSON (id, fname, lname, phone_number, home_number, home_addr, work_addr) values (183, 'Tamarah', 'Abrahamoff', '{+95 100 631 2903}', '{+86 633 808 2350}', '34 Melvin Parkway', '2876 Anzinger Drive');
insert into PERSON (id, fname, lname, phone_number, home_number, home_addr, work_addr) values (184, 'Denis', 'Mastrantone', '{+7 206 988 3830}', '{+33 774 202 8976}', '4 Pierstorff Parkway', '9413 Mitchell Alley');
insert into PERSON (id, fname, lname, phone_number, home_number, home_addr, work_addr) values (185, 'Gerry', 'Pinchen', '{+995 716 345 1158}', '{+98 479 415 3860}', '97929 Prairie Rose Pass', '4 Talmadge Avenue');
insert into PERSON (id, fname, lname, phone_number, home_number, home_addr, work_addr) values (186, 'Claretta', 'Sutton', '{+86 490 354 1242}', '{+7 916 173 0619}', '1127 Granby Street', '091 International Avenue');
insert into PERSON (id, fname, lname, phone_number, home_number, home_addr, work_addr) values (187, 'Feliza', 'McCarthy', '{+86 419 186 7320}', '{+86 286 306 5634}', '8903 Kinsman Junction', '6 Marcy Pass');
insert into PERSON (id, fname, lname, phone_number, home_number, home_addr, work_addr) values (188, 'Brynna', 'Timberlake', '{+86 146 313 5051}', '{+420 499 181 6121}', '35 Schmedeman Street', '20103 Fulton Park');
insert into PERSON (id, fname, lname, phone_number, home_number, home_addr, work_addr) values (189, 'Amabel', 'Sims', '{+86 539 518 0496}', '{+86 665 339 2731}', '82 Westport Crossing', '0226 Clarendon Terrace');
insert into PERSON (id, fname, lname, phone_number, home_number, home_addr, work_addr) values (190, 'Hugo', 'Ruthven', '{+86 828 844 1618}', '{+48 401 817 0986}', '159 Hollow Ridge Park', '1339 Marcy Center');
insert into PERSON (id, fname, lname, phone_number, home_number, home_addr, work_addr) values (191, 'Romonda', 'Drinan', '{+51 662 438 5535}', '{+63 587 938 6051}', '538 Kinsman Pass', '6593 Killdeer Park');
insert into PERSON (id, fname, lname, phone_number, home_number, home_addr, work_addr) values (192, 'Wallis', 'Winning', '{+1 672 609 8636}', '{+420 370 881 5022}', '4 Old Gate Junction', '419 Evergreen Junction');
insert into PERSON (id, fname, lname, phone_number, home_number, home_addr, work_addr) values (193, 'Robinet', 'Sibborn', '{+86 767 893 3711}', '{+63 904 284 6387}', '3 Clarendon Park', '9 Truax Park');
insert into PERSON (id, fname, lname, phone_number, home_number, home_addr, work_addr) values (194, 'Maurene', 'Garrettson', '{+81 892 724 7270}', '{+86 976 288 4327}', '75 Coleman Terrace', '70 Prentice Junction');
insert into PERSON (id, fname, lname, phone_number, home_number, home_addr, work_addr) values (195, 'Saudra', 'Rance', '{+63 194 428 1800}', '{+880 314 437 2846}', '900 Milwaukee Plaza', '7851 Loftsgordon Alley');
insert into PERSON (id, fname, lname, phone_number, home_number, home_addr, work_addr) values (196, 'Mari', 'O''Sheerin', '{+51 767 310 4873}', '{+62 238 278 4608}', '7 Northfield Street', '1100 Portage Place');
insert into PERSON (id, fname, lname, phone_number, home_number, home_addr, work_addr) values (197, 'Matthieu', 'Morecomb', '{+385 272 190 9698}', '{+62 162 855 3575}', '5567 Scofield Court', '1051 Kipling Trail');
insert into PERSON (id, fname, lname, phone_number, home_number, home_addr, work_addr) values (198, 'Sadella', 'Mc Mechan', '{+86 127 919 7002}', '{+63 523 161 1511}', '38 Stephen Trail', '0511 Becker Place');
insert into PERSON (id, fname, lname, phone_number, home_number, home_addr, work_addr) values (199, 'Maribelle', 'Blackaby', '{+63 713 492 5066}', '{+378 564 423 5871}', '3124 Dawn Parkway', '7074 Sunfield Place');
insert into PERSON (id, fname, lname, phone_number, home_number, home_addr, work_addr) values (200, 'Culver', 'Andrea', '{+244 542 858 6598}', '{+380 509 121 1426}', '1083 4th Center', '88682 American Ash Street');
insert into PERSON (id, fname, lname, phone_number, home_number, home_addr, work_addr) values (201, 'Averyl', 'Bax', '{+66 352 425 7146}', '{+86 975 331 4568}', '7553 Grim Junction', '91 Dawn Plaza');
insert into PERSON (id, fname, lname, phone_number, home_number, home_addr, work_addr) values (202, 'Melosa', 'Illsley', '{+55 512 809 2036}', '{+57 192 882 5808}', '56 Londonderry Street', '946 Linden Point');
insert into PERSON (id, fname, lname, phone_number, home_number, home_addr, work_addr) values (203, 'Hale', 'Griffitt', '{+57 748 391 9061}', '{+86 305 555 1824}', '03721 Acker Trail', '76853 Memorial Court');
insert into PERSON (id, fname, lname, phone_number, home_number, home_addr, work_addr) values (204, 'Rosabella', 'Boakes', '{+86 293 633 0442}', '{+55 385 458 4284}', '592 Shoshone Park', '26674 Rigney Parkway');
insert into PERSON (id, fname, lname, phone_number, home_number, home_addr, work_addr) values (205, 'Scott', 'Stainton - Skinn', '{+375 926 472 2386}', '{+62 418 499 6618}', '69362 Dakota Drive', '04322 Lighthouse Bay Park');
insert into PERSON (id, fname, lname, phone_number, home_number, home_addr, work_addr) values (206, 'Rona', 'Kneal', '{+502 217 549 6207}', '{+385 896 481 4858}', '751 Eagan Terrace', '307 Del Mar Park');
insert into PERSON (id, fname, lname, phone_number, home_number, home_addr, work_addr) values (207, 'Opalina', 'McAline', '{+86 733 306 6273}', '{+46 393 175 6691}', '10035 Farmco Junction', '93 Kedzie Circle');
insert into PERSON (id, fname, lname, phone_number, home_number, home_addr, work_addr) values (208, 'Giselbert', 'Malyan', '{+7 460 421 7513}', '{+86 889 999 6451}', '785 Lukken Alley', '8317 Tony Trail');
insert into PERSON (id, fname, lname, phone_number, home_number, home_addr, work_addr) values (209, 'Mela', 'Defries', '{+54 449 820 7343}', '{+30 501 458 0360}', '186 Twin Pines Trail', '743 Boyd Parkway');
insert into PERSON (id, fname, lname, phone_number, home_number, home_addr, work_addr) values (210, 'Sayer', 'Eskrigge', '{+7 357 438 7851}', '{+55 415 102 8267}', '639 Novick Plaza', '52715 Helena Crossing');
insert into PERSON (id, fname, lname, phone_number, home_number, home_addr, work_addr) values (211, 'Yolane', 'Shurman', '{+1 212 746 8296}', '{+62 511 397 6382}', '24521 Shelley Alley', '5244 Sunfield Center');
insert into PERSON (id, fname, lname, phone_number, home_number, home_addr, work_addr) values (212, 'Sheilakathryn', 'Liddel', '{+86 586 484 5637}', '{+976 115 441 4012}', '9755 Bay Hill', '17980 Jay Pass');
insert into PERSON (id, fname, lname, phone_number, home_number, home_addr, work_addr) values (213, 'Toby', 'Foskett', '{+63 425 356 2240}', '{+351 367 550 6260}', '88710 Banding Lane', '6743 Shoshone Lane');
insert into PERSON (id, fname, lname, phone_number, home_number, home_addr, work_addr) values (214, 'Joyous', 'Crace', '{+57 583 320 4159}', '{+86 705 800 0813}', '97 High Crossing Plaza', '06306 Reindahl Trail');
insert into PERSON (id, fname, lname, phone_number, home_number, home_addr, work_addr) values (215, 'Catina', 'Dachs', '{+63 132 835 6554}', '{+86 543 140 6416}', '8 Anhalt Place', '74 Morningstar Court');
insert into PERSON (id, fname, lname, phone_number, home_number, home_addr, work_addr) values (216, 'Simonne', 'Cancelier', '{+58 267 185 7793}', '{+63 884 311 9434}', '701 Farmco Crossing', '07 Hansons Crossing');
insert into PERSON (id, fname, lname, phone_number, home_number, home_addr, work_addr) values (217, 'Stanford', 'Stubbings', '{+46 291 972 6834}', '{+30 879 294 9329}', '5126 Meadow Vale Circle', '06 West Alley');
insert into PERSON (id, fname, lname, phone_number, home_number, home_addr, work_addr) values (218, 'Alex', 'Baxandall', '{+354 460 221 0333}', '{+86 540 169 8023}', '1482 Tony Avenue', '9551 Dryden Crossing');
insert into PERSON (id, fname, lname, phone_number, home_number, home_addr, work_addr) values (219, 'Timmi', 'Phizacklea', '{+387 739 261 7690}', '{+86 773 633 8223}', '44 Toban Lane', '8915 Alpine Way');
insert into PERSON (id, fname, lname, phone_number, home_number, home_addr, work_addr) values (220, 'Yetta', 'Mordey', '{+234 894 897 0328}', '{+687 279 647 3548}', '4634 Annamark Way', '3 Fulton Center');
insert into PERSON (id, fname, lname, phone_number, home_number, home_addr, work_addr) values (221, 'Fifi', 'Kibbye', '{+86 125 422 9494}', '{+62 313 982 5670}', '398 Bartillon Point', '67 Miller Junction');
insert into PERSON (id, fname, lname, phone_number, home_number, home_addr, work_addr) values (222, 'Ernesta', 'Foote', '{+86 362 394 6297}', '{+351 184 413 1467}', '8 Jana Center', '21955 Graedel Center');
insert into PERSON (id, fname, lname, phone_number, home_number, home_addr, work_addr) values (223, 'Quintin', 'Rentcome', '{+60 920 462 8276}', '{+86 934 270 5568}', '452 Dottie Avenue', '02378 Glacier Hill Lane');
insert into PERSON (id, fname, lname, phone_number, home_number, home_addr, work_addr) values (224, 'Vidovic', 'Reams', '{+86 643 795 5375}', '{+7 574 358 7934}', '84 Claremont Court', '3 Twin Pines Drive');
insert into PERSON (id, fname, lname, phone_number, home_number, home_addr, work_addr) values (225, 'Alec', 'Hagwood', '{+420 745 782 1286}', '{+82 705 630 1431}', '517 Badeau Plaza', '39 Florence Trail');
insert into PERSON (id, fname, lname, phone_number, home_number, home_addr, work_addr) values (226, 'Daune', 'Boorman', '{+880 490 354 9504}', '{+86 833 490 0927}', '22929 Old Gate Street', '58 Annamark Road');
insert into PERSON (id, fname, lname, phone_number, home_number, home_addr, work_addr) values (227, 'Thomasa', 'Dightham', '{+1 360 316 8881}', '{+380 937 451 8924}', '82 Swallow Road', '80 Norway Maple Junction');
insert into PERSON (id, fname, lname, phone_number, home_number, home_addr, work_addr) values (228, 'Danyelle', 'Bratten', '{+46 745 998 2140}', '{+7 455 445 1445}', '799 Knutson Plaza', '0 Ramsey Circle');
insert into PERSON (id, fname, lname, phone_number, home_number, home_addr, work_addr) values (229, 'Nanny', 'Diddams', '{+62 402 991 1872}', '{+62 256 283 9505}', '9206 Monterey Hill', '656 Heath Road');
insert into PERSON (id, fname, lname, phone_number, home_number, home_addr, work_addr) values (230, 'Mycah', 'Laffin', '{+86 245 112 0185}', '{+380 720 544 8199}', '76 Lotheville Trail', '53361 Corscot Trail');
insert into PERSON (id, fname, lname, phone_number, home_number, home_addr, work_addr) values (231, 'Gauthier', 'Serrell', '{+62 196 725 5539}', '{+62 186 974 0794}', '1973 Loeprich Road', '8332 Hoffman Court');
insert into PERSON (id, fname, lname, phone_number, home_number, home_addr, work_addr) values (232, 'Pietro', 'Alessandone', '{+45 996 606 5557}', '{+86 359 184 2665}', '4801 Bellgrove Park', '1273 Kenwood Hill');
insert into PERSON (id, fname, lname, phone_number, home_number, home_addr, work_addr) values (233, 'Spenser', 'Walkingshaw', '{+46 672 740 3634}', '{+86 753 932 8289}', '890 Cordelia Street', '36165 Dayton Lane');
insert into PERSON (id, fname, lname, phone_number, home_number, home_addr, work_addr) values (234, 'Hogan', 'Tinham', '{+1 773 442 4775}', '{+81 444 722 4348}', '3867 Kingsford Avenue', '3203 Glendale Alley');
insert into PERSON (id, fname, lname, phone_number, home_number, home_addr, work_addr) values (235, 'Ashely', 'Alker', '{+81 395 357 2734}', '{+86 566 888 7972}', '395 Lake View Avenue', '543 Farmco Pass');
insert into PERSON (id, fname, lname, phone_number, home_number, home_addr, work_addr) values (236, 'Conant', 'Pitkins', '{+86 728 610 1228}', '{+57 504 208 5518}', '254 Clove Parkway', '09148 Goodland Circle');
insert into PERSON (id, fname, lname, phone_number, home_number, home_addr, work_addr) values (237, 'Sari', 'Haresnaip', '{+62 645 556 3940}', '{+63 262 199 9168}', '71546 Magdeline Center', '2 Grim Crossing');
insert into PERSON (id, fname, lname, phone_number, home_number, home_addr, work_addr) values (238, 'Dominic', 'Tebb', '{+86 619 374 0619}', '{+48 363 988 6795}', '3457 Vermont Court', '588 Utah Road');
insert into PERSON (id, fname, lname, phone_number, home_number, home_addr, work_addr) values (239, 'Raddy', 'Ridgeway', '{+7 640 512 4057}', '{+1 413 597 2443}', '59 Monterey Way', '2024 Melody Alley');
insert into PERSON (id, fname, lname, phone_number, home_number, home_addr, work_addr) values (240, 'Arlen', 'Hanmore', '{+30 303 752 5976}', '{+63 772 181 6700}', '58621 Karstens Way', '558 Memorial Crossing');
insert into PERSON (id, fname, lname, phone_number, home_number, home_addr, work_addr) values (241, 'Dyna', 'Jime', '{+33 684 294 4843}', '{+358 897 781 8317}', '7 Burrows Drive', '585 Dorton Circle');
insert into PERSON (id, fname, lname, phone_number, home_number, home_addr, work_addr) values (242, 'Dimitry', 'Darte', '{+86 446 968 5315}', '{+86 419 505 8036}', '75 Delladonna Hill', '7 Vahlen Road');
insert into PERSON (id, fname, lname, phone_number, home_number, home_addr, work_addr) values (243, 'Berni', 'Woodrup', '{+960 743 932 8837}', '{+385 462 591 3092}', '2085 South Court', '3268 Waywood Plaza');
insert into PERSON (id, fname, lname, phone_number, home_number, home_addr, work_addr) values (244, 'Drusi', 'MacConnell', '{+63 345 869 1447}', '{+62 674 445 8585}', '8223 Bartillon Avenue', '1191 Forest Dale Street');
insert into PERSON (id, fname, lname, phone_number, home_number, home_addr, work_addr) values (245, 'Petr', 'Harridge', '{+371 113 913 1962}', '{+86 624 648 4470}', '36514 Rockefeller Place', '09359 Veith Place');
insert into PERSON (id, fname, lname, phone_number, home_number, home_addr, work_addr) values (246, 'Windy', 'Prujean', '{+234 991 688 9839}', '{+593 238 871 9491}', '4 Westerfield Park', '762 Service Place');
insert into PERSON (id, fname, lname, phone_number, home_number, home_addr, work_addr) values (247, 'Delinda', 'Escalante', '{+387 202 476 4424}', '{+62 296 875 9492}', '33841 Sage Place', '8 Farwell Parkway');
insert into PERSON (id, fname, lname, phone_number, home_number, home_addr, work_addr) values (248, 'Morse', 'Corday', '{+46 832 705 5590}', '{+1 792 235 4699}', '76 Melrose Street', '6 Dunning Place');
insert into PERSON (id, fname, lname, phone_number, home_number, home_addr, work_addr) values (249, 'Agosto', 'Stennings', '{+7 699 528 9198}', '{+63 664 406 7387}', '44106 Huxley Court', '427 Sloan Way');
insert into PERSON (id, fname, lname, phone_number, home_number, home_addr, work_addr) values (250, 'Winn', 'Meiner', '{+94 881 704 9424}', '{+240 364 361 6077}', '8 School Center', '0657 Summer Ridge Street');
insert into PERSON (id, fname, lname, phone_number, home_number, home_addr, work_addr) values (251, 'Kingston', 'Devennie', '{+62 236 162 7750}', '{+7 116 523 8474}', '574 Porter Parkway', '5 Mandrake Parkway');
insert into PERSON (id, fname, lname, phone_number, home_number, home_addr, work_addr) values (252, 'Rosemarie', 'Wormleighton', '{+52 320 660 2545}', '{+226 980 351 0459}', '87 Packers Center', '14 Cottonwood Crossing');
insert into PERSON (id, fname, lname, phone_number, home_number, home_addr, work_addr) values (253, 'Delmer', 'Rentelll', '{+1 316 294 5293}', '{+503 597 459 8734}', '74533 Bobwhite Parkway', '96063 Alpine Point');
insert into PERSON (id, fname, lname, phone_number, home_number, home_addr, work_addr) values (254, 'Ingemar', 'Beggin', '{+62 424 143 1214}', '{+55 206 184 6153}', '6 Linden Alley', '22147 Tennyson Drive');
insert into PERSON (id, fname, lname, phone_number, home_number, home_addr, work_addr) values (255, 'Renate', 'Austwick', '{+62 919 418 7284}', '{+385 149 746 7121}', '668 Hoard Terrace', '61 Starling Terrace');
insert into PERSON (id, fname, lname, phone_number, home_number, home_addr, work_addr) values (256, 'Spence', 'Hebble', '{+46 235 280 0487}', '{+86 934 481 0406}', '375 Comanche Junction', '29 Mifflin Plaza');
insert into PERSON (id, fname, lname, phone_number, home_number, home_addr, work_addr) values (257, 'Cristian', 'Waters', '{+86 501 297 9057}', '{+86 153 296 1806}', '875 Elgar Plaza', '8732 Maywood Alley');
insert into PERSON (id, fname, lname, phone_number, home_number, home_addr, work_addr) values (258, 'Troy', 'Aggas', '{+60 928 715 4743}', '{+86 598 407 7670}', '338 Stang Plaza', '38 Meadow Vale Hill');
insert into PERSON (id, fname, lname, phone_number, home_number, home_addr, work_addr) values (259, 'Sena', 'Kuhnhardt', '{+380 302 857 2948}', '{+358 295 494 8181}', '560 Twin Pines Drive', '731 Fulton Place');
insert into PERSON (id, fname, lname, phone_number, home_number, home_addr, work_addr) values (260, 'Scot', 'Poundsford', '{+86 441 415 6419}', '{+86 425 982 1629}', '46189 Oxford Drive', '39890 Onsgard Road');
insert into PERSON (id, fname, lname, phone_number, home_number, home_addr, work_addr) values (261, 'Conrado', 'Barten', '{+357 550 917 6065}', '{+33 441 437 2101}', '01957 Blackbird Hill', '339 Melrose Junction');
insert into PERSON (id, fname, lname, phone_number, home_number, home_addr, work_addr) values (262, 'Yolanthe', 'Lermouth', '{+86 816 715 3411}', '{+86 203 955 1684}', '9764 Macpherson Hill', '9292 Chinook Plaza');
insert into PERSON (id, fname, lname, phone_number, home_number, home_addr, work_addr) values (263, 'Wynn', 'Yea', '{+389 132 282 7745}', '{+54 691 655 8438}', '30 Hermina Terrace', '574 Morrow Road');
insert into PERSON (id, fname, lname, phone_number, home_number, home_addr, work_addr) values (264, 'Tonya', 'March', '{+255 330 513 7379}', '{+994 749 481 8184}', '5219 Main Crossing', '169 Algoma Circle');
insert into PERSON (id, fname, lname, phone_number, home_number, home_addr, work_addr) values (265, 'Armand', 'Kinge', '{+86 369 227 8504}', '{+81 846 765 6379}', '5 Arapahoe Point', '92102 Eagan Road');
insert into PERSON (id, fname, lname, phone_number, home_number, home_addr, work_addr) values (266, 'Alfy', 'McCowan', '{+84 770 607 7521}', '{+48 161 663 6864}', '3 Hoffman Lane', '6473 Arrowood Pass');
insert into PERSON (id, fname, lname, phone_number, home_number, home_addr, work_addr) values (267, 'Maryellen', 'Boog', '{+7 563 695 7380}', '{+385 579 295 1432}', '440 Carey Plaza', '5 Holmberg Avenue');
insert into PERSON (id, fname, lname, phone_number, home_number, home_addr, work_addr) values (268, 'Ted', 'Forsard', '{+52 222 816 7110}', '{+57 353 347 9958}', '146 Clyde Gallagher Avenue', '360 Miller Plaza');
insert into PERSON (id, fname, lname, phone_number, home_number, home_addr, work_addr) values (269, 'Osbourn', 'Crichten', '{+358 962 859 4306}', '{+55 265 364 5233}', '7 Schiller Park', '10 Scoville Point');
insert into PERSON (id, fname, lname, phone_number, home_number, home_addr, work_addr) values (270, 'Patrica', 'Da Costa', '{+86 777 346 4585}', '{+1 973 552 6993}', '76332 Old Shore Road', '97946 Claremont Alley');
insert into PERSON (id, fname, lname, phone_number, home_number, home_addr, work_addr) values (271, 'Ermentrude', 'Gavrielli', '{+63 548 250 7366}', '{+57 651 841 8527}', '8 Bashford Junction', '9353 5th Court');
insert into PERSON (id, fname, lname, phone_number, home_number, home_addr, work_addr) values (272, 'Ayn', 'Maddrell', '{+86 244 914 3578}', '{+57 613 431 8679}', '293 Michigan Place', '6 Schurz Drive');
insert into PERSON (id, fname, lname, phone_number, home_number, home_addr, work_addr) values (273, 'Samuele', 'Snufflebottom', '{+92 428 334 7615}', '{+970 781 251 8453}', '88 Ridge Oak Pass', '3 3rd Street');
insert into PERSON (id, fname, lname, phone_number, home_number, home_addr, work_addr) values (274, 'Miguel', 'Hegges', '{+86 331 596 6041}', '{+356 367 838 1500}', '89848 Carioca Junction', '915 Mifflin Alley');
insert into PERSON (id, fname, lname, phone_number, home_number, home_addr, work_addr) values (275, 'Sayres', 'Goodbur', '{+86 100 171 5503}', '{+212 897 435 3829}', '45 Main Way', '19009 Forest Dale Crossing');
insert into PERSON (id, fname, lname, phone_number, home_number, home_addr, work_addr) values (276, 'Dukey', 'Simla', '{+57 780 823 7653}', '{+62 190 712 2583}', '572 West Plaza', '04 Coleman Street');
insert into PERSON (id, fname, lname, phone_number, home_number, home_addr, work_addr) values (277, 'Anabella', 'Leathe', '{+506 839 666 8901}', '{+86 174 430 7587}', '89870 Grayhawk Park', '9426 Moland Street');
insert into PERSON (id, fname, lname, phone_number, home_number, home_addr, work_addr) values (278, 'Alvina', 'Gyford', '{+48 557 390 9167}', '{+86 336 580 9514}', '4614 Cody Lane', '7 Clyde Gallagher Center');
insert into PERSON (id, fname, lname, phone_number, home_number, home_addr, work_addr) values (279, 'Harriett', 'Mannakee', '{+1 717 122 0134}', '{+595 650 369 6946}', '33093 Toban Park', '21 Monica Circle');
insert into PERSON (id, fname, lname, phone_number, home_number, home_addr, work_addr) values (280, 'Wain', 'Pedican', '{+63 877 333 3080}', '{+55 806 420 3235}', '00 Cardinal Lane', '49363 Londonderry Crossing');
insert into PERSON (id, fname, lname, phone_number, home_number, home_addr, work_addr) values (281, 'Abeu', 'MacKnockiter', '{+62 677 623 9987}', '{+63 661 239 9126}', '7 Morningstar Center', '0 Michigan Lane');
insert into PERSON (id, fname, lname, phone_number, home_number, home_addr, work_addr) values (282, 'Tomkin', 'Gabbitas', '{+46 798 898 5294}', '{+7 622 395 3856}', '651 Hoepker Place', '27359 Rieder Place');
insert into PERSON (id, fname, lname, phone_number, home_number, home_addr, work_addr) values (283, 'Pammie', 'Linbohm', '{+970 803 711 4908}', '{+355 473 300 8723}', '6868 Grim Pass', '9474 Susan Way');
insert into PERSON (id, fname, lname, phone_number, home_number, home_addr, work_addr) values (284, 'Eddie', 'Gamwell', '{+30 657 430 6724}', '{+63 185 872 0121}', '250 Lawn Hill', '051 Nancy Road');
insert into PERSON (id, fname, lname, phone_number, home_number, home_addr, work_addr) values (285, 'Meridel', 'Howlings', '{+63 755 816 3772}', '{+245 543 763 7826}', '3 Oxford Road', '9516 Sommers Park');
insert into PERSON (id, fname, lname, phone_number, home_number, home_addr, work_addr) values (286, 'Osbourne', 'Gockeler', '{+86 913 595 8532}', '{+351 612 876 9313}', '575 Bashford Way', '51310 Gale Hill');
insert into PERSON (id, fname, lname, phone_number, home_number, home_addr, work_addr) values (287, 'Andonis', 'Sciacovelli', '{+967 561 205 9385}', '{+86 469 607 6187}', '86850 Bashford Trail', '1 Susan Alley');
insert into PERSON (id, fname, lname, phone_number, home_number, home_addr, work_addr) values (288, 'Gwyn', 'Barnewelle', '{+62 208 740 9936}', '{+86 262 769 2337}', '54184 Paget Center', '08 Merrick Pass');
insert into PERSON (id, fname, lname, phone_number, home_number, home_addr, work_addr) values (289, 'Thorndike', 'Wadeling', '{+55 500 110 9738}', '{+31 399 185 6298}', '50 Monica Way', '86906 Arkansas Court');
insert into PERSON (id, fname, lname, phone_number, home_number, home_addr, work_addr) values (290, 'Peggi', 'Ianson', '{+502 849 792 2959}', '{+62 730 310 0711}', '83 Carey Hill', '106 Onsgard Parkway');
insert into PERSON (id, fname, lname, phone_number, home_number, home_addr, work_addr) values (291, 'Otto', 'Truluck', '{+7 839 246 8231}', '{+62 381 559 7131}', '35712 Buena Vista Crossing', '81762 Westend Alley');
insert into PERSON (id, fname, lname, phone_number, home_number, home_addr, work_addr) values (292, 'Elizabeth', 'Haldon', '{+63 710 927 7670}', '{+46 153 685 5511}', '1 Fordem Plaza', '96 Sherman Hill');
insert into PERSON (id, fname, lname, phone_number, home_number, home_addr, work_addr) values (293, 'Diarmid', 'Friedank', '{+55 630 773 5742}', '{+234 965 702 4062}', '88412 Glendale Terrace', '4 Mallory Trail');
insert into PERSON (id, fname, lname, phone_number, home_number, home_addr, work_addr) values (294, 'Winslow', 'Bettleson', '{+57 160 212 3107}', '{+86 699 853 2726}', '102 Aberg Plaza', '38 Randy Court');
insert into PERSON (id, fname, lname, phone_number, home_number, home_addr, work_addr) values (295, 'Nonah', 'Gatecliffe', '{+55 464 626 0086}', '{+255 286 564 8544}', '4979 Barnett Street', '151 Glacier Hill Place');
insert into PERSON (id, fname, lname, phone_number, home_number, home_addr, work_addr) values (296, 'Sheffield', 'Tooker', '{+351 153 149 8170}', '{+237 526 551 5002}', '59 5th Hill', '0 Bellgrove Avenue');
insert into PERSON (id, fname, lname, phone_number, home_number, home_addr, work_addr) values (297, 'Glenden', 'Orys', '{+94 372 198 8916}', '{+48 433 860 1222}', '68 Pennsylvania Parkway', '050 Summer Ridge Court');
insert into PERSON (id, fname, lname, phone_number, home_number, home_addr, work_addr) values (298, 'Garrek', 'Bick', '{+385 320 900 4731}', '{+46 817 848 9232}', '5207 Manley Center', '925 Bartelt Drive');
insert into PERSON (id, fname, lname, phone_number, home_number, home_addr, work_addr) values (299, 'Suzanna', 'Tolmie', '{+86 911 961 6942}', '{+86 845 133 3530}', '7364 South Parkway', '1663 Kinsman Plaza');
insert into PERSON (id, fname, lname, phone_number, home_number, home_addr, work_addr) values (300, 'Franz', 'Giacopazzi', '{+265 916 955 4081}', '{+1 970 335 6200}', '9 West Center', '92480 Beilfuss Drive');


insert into LOGIN (person_id, email, password, authorization_level) values (1, 'fcowpertwait0@hc360.com', '1HGE8BJ', 1);
insert into LOGIN (person_id, email, password, authorization_level) values (2, 'nstatham1@slate.com', 'AoA9oAYkwW', 1);
insert into LOGIN (person_id, email, password, authorization_level) values (3, 'nwaldram2@techcrunch.com', 'zyDt1R', 0);
insert into LOGIN (person_id, email, password, authorization_level) values (4, 'hbegent3@senate.gov', 'yibY6MvM', 1);
insert into LOGIN (person_id, email, password, authorization_level) values (5, 'rdulson4@fotki.com', 'X9kEyNBW', 1);
insert into LOGIN (person_id, email, password, authorization_level) values (6, 'rbax5@eventbrite.com', '0Z7sLGP26s', 3);
insert into LOGIN (person_id, email, password, authorization_level) values (7, 'dtrewett6@berkeley.edu', 'NNvRnUc', 3);
insert into LOGIN (person_id, email, password, authorization_level) values (8, 'jborghese7@wikipedia.org', '9K5m0ZQWvp9', 0);
insert into LOGIN (person_id, email, password, authorization_level) values (9, 'falvar8@hostgator.com', 'f1HUtAmldjbq', 0);
insert into LOGIN (person_id, email, password, authorization_level) values (10, 'pharse9@senate.gov', 'FqkaasRJIn', 1);
insert into LOGIN (person_id, email, password, authorization_level) values (11, 'jhurichea@geocities.com', '0y9wJniCLSiX', 3);
insert into LOGIN (person_id, email, password, authorization_level) values (12, 'cvickeryb@de.vu', '9aSS6ApvZ', 2);
insert into LOGIN (person_id, email, password, authorization_level) values (13, 'mwoolfc@shinystat.com', 'pSebCF2XUL', 2);
insert into LOGIN (person_id, email, password, authorization_level) values (14, 'asykesd@yandex.ru', '0AIkRYVwI2J2', 0);
insert into LOGIN (person_id, email, password, authorization_level) values (15, 'ipoytresse@weather.com', 'm3RBzF', 2);
insert into LOGIN (person_id, email, password, authorization_level) values (16, 'zskewsf@ed.gov', '25ZhT0P', 2);
insert into LOGIN (person_id, email, password, authorization_level) values (17, 'dhadlingtong@g.co', 'AWhR7kAoN2', 3);
insert into LOGIN (person_id, email, password, authorization_level) values (18, 'ldunkersleyh@mapquest.com', 'D12GR9EZ', 1);
insert into LOGIN (person_id, email, password, authorization_level) values (19, 'asauteri@europa.eu', 'I3ROh43', 3);
insert into LOGIN (person_id, email, password, authorization_level) values (20, 'rcarrabottj@de.vu', 'udvdOkCnG', 0);
insert into LOGIN (person_id, email, password, authorization_level) values (21, 'jswadlingek@whitehouse.gov', 'LmodQ4TY', 1);
insert into LOGIN (person_id, email, password, authorization_level) values (22, 'jdeanesyl@wordpress.org', 'P8Qd12', 2);
insert into LOGIN (person_id, email, password, authorization_level) values (23, 'mbeebym@berkeley.edu', '1iZGYKAo', 2);
insert into LOGIN (person_id, email, password, authorization_level) values (24, 'mbibbn@ezinearticles.com', 'tdvdyj', 0);
insert into LOGIN (person_id, email, password, authorization_level) values (25, 'bwesthofero@theatlantic.com', 'zayRjtgJiF7e', 0);
insert into LOGIN (person_id, email, password, authorization_level) values (26, 'krisdalep@state.tx.us', 'yt8UcqHO7R', 3);
insert into LOGIN (person_id, email, password, authorization_level) values (27, 'cgoatmanq@toplist.cz', 'pDEFBXr6wAYc', 0);
insert into LOGIN (person_id, email, password, authorization_level) values (28, 'ebarthelr@techcrunch.com', 'VVED4n', 0);
insert into LOGIN (person_id, email, password, authorization_level) values (29, 'eartharss@whitehouse.gov', '8SxMQN', 2);
insert into LOGIN (person_id, email, password, authorization_level) values (30, 'traspert@live.com', 'nbm9ouMqt', 0);
insert into LOGIN (person_id, email, password, authorization_level) values (31, 'klerhinanu@noaa.gov', 'nuRyt1Sq', 1);
insert into LOGIN (person_id, email, password, authorization_level) values (32, 'tsellarv@livejournal.com', 'QGjqZTp', 1);
insert into LOGIN (person_id, email, password, authorization_level) values (33, 'gbreakwellw@youtu.be', 'Bheguk', 0);
insert into LOGIN (person_id, email, password, authorization_level) values (34, 'dtwinex@tinypic.com', 'RIR4r5uiCq', 3);
insert into LOGIN (person_id, email, password, authorization_level) values (35, 'jhendiny@de.vu', 'cHP0pCC8bK', 3);
insert into LOGIN (person_id, email, password, authorization_level) values (36, 'tsherz@samsung.com', 'vjI0enNl', 0);
insert into LOGIN (person_id, email, password, authorization_level) values (37, 'cgretham10@nature.com', 'shttdd', 2);
insert into LOGIN (person_id, email, password, authorization_level) values (38, 'pmatterson11@berkeley.edu', 'jobTf5G88uL', 2);
insert into LOGIN (person_id, email, password, authorization_level) values (39, 'tmargiotta12@trellian.com', 'BTOtemyy', 2);
insert into LOGIN (person_id, email, password, authorization_level) values (40, 'drodriguez13@google.com.br', 'ke5sf4AzH6a', 2);
insert into LOGIN (person_id, email, password, authorization_level) values (41, 'iseifenmacher14@hao123.com', 'mIHnbh9', 3);
insert into LOGIN (person_id, email, password, authorization_level) values (42, 'dhayth15@studiopress.com', 'BlkloB2Sx', 0);
insert into LOGIN (person_id, email, password, authorization_level) values (43, 'abullimore16@usa.gov', '4sQvtQ9UcYZ', 1);
insert into LOGIN (person_id, email, password, authorization_level) values (44, 'rgodin17@goodreads.com', 'fEYboDtQDeX', 1);
insert into LOGIN (person_id, email, password, authorization_level) values (45, 'ccottem18@un.org', 'whGkdp', 2);
insert into LOGIN (person_id, email, password, authorization_level) values (46, 'dschaben19@google.com.au', 'yjAnfxLDch10', 3);
insert into LOGIN (person_id, email, password, authorization_level) values (47, 'oturban1a@forbes.com', 'TXJI3AFZt8', 2);
insert into LOGIN (person_id, email, password, authorization_level) values (48, 'spenhearow1b@accuweather.com', 'HKS2Po', 2);
insert into LOGIN (person_id, email, password, authorization_level) values (49, 'mcrunden1c@pbs.org', 'lV8yEehm', 2);
insert into LOGIN (person_id, email, password, authorization_level) values (50, 'slotherington1d@t.co', 'NiY7fO', 0);
insert into LOGIN (person_id, email, password, authorization_level) values (51, 'tlifsey1e@moonfruit.com', '79txrg', 1);
insert into LOGIN (person_id, email, password, authorization_level) values (52, 'rjoskowitz1f@alexa.com', 'joIQnrF2DEjG', 0);
insert into LOGIN (person_id, email, password, authorization_level) values (53, 'iphillpotts1g@buzzfeed.com', 'rjnauK6n', 2);
insert into LOGIN (person_id, email, password, authorization_level) values (54, 'cmoizer1h@nymag.com', 'ckcnEAeAVHdv', 1);
insert into LOGIN (person_id, email, password, authorization_level) values (55, 'zthridgould1i@printfriendly.com', '7U7aBeYXPZ', 0);
insert into LOGIN (person_id, email, password, authorization_level) values (56, 'mmusgrove1j@issuu.com', 'YH4WBBSo5fg', 0);
insert into LOGIN (person_id, email, password, authorization_level) values (57, 'cyosselevitch1k@shinystat.com', 'PzljTkymhP', 2);
insert into LOGIN (person_id, email, password, authorization_level) values (58, 'knapoli1l@freewebs.com', '2niLhKB', 1);
insert into LOGIN (person_id, email, password, authorization_level) values (59, 'ahovel1m@instagram.com', 'QwiJdTE7JE', 2);
insert into LOGIN (person_id, email, password, authorization_level) values (60, 'ygerrie1n@canalblog.com', 'k6LbJdNcy2k', 2);
insert into LOGIN (person_id, email, password, authorization_level) values (61, 'rwedge1o@umich.edu', 'QWLdAst', 1);
insert into LOGIN (person_id, email, password, authorization_level) values (62, 'ckilbourne1p@miibeian.gov.cn', '17R5ZWJJyaO', 1);
insert into LOGIN (person_id, email, password, authorization_level) values (63, 'pcarswell1q@mashable.com', 'iJ3PBVKqOf', 0);
insert into LOGIN (person_id, email, password, authorization_level) values (64, 'lmurton1r@blogs.com', 'nJcp7o2EWKl', 0);
insert into LOGIN (person_id, email, password, authorization_level) values (65, 'gskelton1s@soundcloud.com', '0MUJyXXokBNV', 2);
insert into LOGIN (person_id, email, password, authorization_level) values (66, 'kcripps1t@macromedia.com', 'P1UGwsdNX', 3);
insert into LOGIN (person_id, email, password, authorization_level) values (67, 'gcasarino1u@wikia.com', 'KvbyReKI5', 2);
insert into LOGIN (person_id, email, password, authorization_level) values (68, 'sivachyov1v@amazon.co.jp', 'IlBb3ieGB', 0);
insert into LOGIN (person_id, email, password, authorization_level) values (69, 'nsanchis1w@ucoz.ru', 'uowEBv9kLo', 0);
insert into LOGIN (person_id, email, password, authorization_level) values (70, 'tconaghy1x@nhs.uk', '1sARl81e', 0);
insert into LOGIN (person_id, email, password, authorization_level) values (71, 'blancley1y@ycombinator.com', 'TR3PXNvbpc', 0);
insert into LOGIN (person_id, email, password, authorization_level) values (72, 'jjochens1z@reddit.com', 'hc8qorzqXZ', 3);
insert into LOGIN (person_id, email, password, authorization_level) values (73, 'pfilyakov20@mac.com', 'soDHa8', 1);
insert into LOGIN (person_id, email, password, authorization_level) values (74, 'kmaplestone21@usgs.gov', 'q14TmW8SI8', 1);
insert into LOGIN (person_id, email, password, authorization_level) values (75, 'bscholefield22@princeton.edu', '3kSwyTF0Utek', 1);
insert into LOGIN (person_id, email, password, authorization_level) values (76, 'dmeuse23@furl.net', 'nwAEHFNdIf', 2);
insert into LOGIN (person_id, email, password, authorization_level) values (77, 'bjoutapaitis24@ycombinator.com', '06bGWKe', 3);
insert into LOGIN (person_id, email, password, authorization_level) values (78, 'mjanc25@thetimes.co.uk', 'LIIYPxnYNO9U', 1);
insert into LOGIN (person_id, email, password, authorization_level) values (79, 'dfinessy26@mashable.com', 'YrXfly', 0);
insert into LOGIN (person_id, email, password, authorization_level) values (80, 'mmoyes27@google.ca', 'hpAfrGAScsd', 2);
insert into LOGIN (person_id, email, password, authorization_level) values (81, 'dstatter28@uiuc.edu', 'xIbj3Hsn', 2);
insert into LOGIN (person_id, email, password, authorization_level) values (82, 'bjeenes29@irs.gov', 'Q64T8mm', 1);
insert into LOGIN (person_id, email, password, authorization_level) values (83, 'aclutton2a@4shared.com', 'wOHXTyEu', 2);
insert into LOGIN (person_id, email, password, authorization_level) values (84, 'ghorsfield2b@va.gov', 'hD6qFvdqiwV', 0);
insert into LOGIN (person_id, email, password, authorization_level) values (85, 'jwadly2c@nymag.com', 'b6sdzru', 0);
insert into LOGIN (person_id, email, password, authorization_level) values (86, 'jglaister2d@google.com.au', 'B8EAk99', 3);
insert into LOGIN (person_id, email, password, authorization_level) values (87, 'mbeazey2e@tinyurl.com', 'Xda6wgQspu', 2);
insert into LOGIN (person_id, email, password, authorization_level) values (88, 'fgoodge2f@newsvine.com', 'mjqBuo', 2);
insert into LOGIN (person_id, email, password, authorization_level) values (89, 'sitzcak2g@csmonitor.com', 'Nj2Zznt', 2);
insert into LOGIN (person_id, email, password, authorization_level) values (90, 'rkimmons2h@amazonaws.com', 'x0cj7zgnN', 0);
insert into LOGIN (person_id, email, password, authorization_level) values (91, 'mmasham2i@telegraph.co.uk', '3rzqbk', 2);
insert into LOGIN (person_id, email, password, authorization_level) values (92, 'whenningham2j@lycos.com', 'UaLrpa', 0);
insert into LOGIN (person_id, email, password, authorization_level) values (93, 'cflude2k@soundcloud.com', '8FQPAf8W', 2);
insert into LOGIN (person_id, email, password, authorization_level) values (94, 'bmenure2l@irs.gov', 'rhD4iLauk0Wk', 1);
insert into LOGIN (person_id, email, password, authorization_level) values (95, 'hshoulder2m@omniture.com', 'kStH9VtSHSoP', 3);
insert into LOGIN (person_id, email, password, authorization_level) values (96, 'jjosilevich2n@ox.ac.uk', 'FSfKRuOpKdZ', 1);
insert into LOGIN (person_id, email, password, authorization_level) values (97, 'pfontes2o@privacy.gov.au', 'cc7Fy737d1d1', 2);
insert into LOGIN (person_id, email, password, authorization_level) values (98, 'wlooney2p@tripadvisor.com', 'Xj3Q5K2K', 3);
insert into LOGIN (person_id, email, password, authorization_level) values (99, 'jblunkett2q@si.edu', '862tROgMAGhr', 0);
insert into LOGIN (person_id, email, password, authorization_level) values (100, 'crenish2r@cmu.edu', '1FyFQMVjd3Z', 1);
insert into LOGIN (person_id, email, password, authorization_level) values (101, 'nkeneford2s@ft.com', 'zq4QhfpaCz', 0);
insert into LOGIN (person_id, email, password, authorization_level) values (102, 'mdavidson2t@admin.ch', 'f4L4yZNWX', 0);
insert into LOGIN (person_id, email, password, authorization_level) values (103, 'adanielovitch2u@phoca.cz', 'YJKIEMSZ', 3);
insert into LOGIN (person_id, email, password, authorization_level) values (104, 'joswell2v@smh.com.au', '2GPDdKA', 1);
insert into LOGIN (person_id, email, password, authorization_level) values (105, 'bsheryn2w@yolasite.com', 'Dn3dm18Tte', 3);
insert into LOGIN (person_id, email, password, authorization_level) values (106, 'khaining2x@sfgate.com', '2hTpxpoWv', 2);
insert into LOGIN (person_id, email, password, authorization_level) values (107, 'respina2y@usnews.com', '0qKgfcQCtIt', 2);
insert into LOGIN (person_id, email, password, authorization_level) values (108, 'bgehrts2z@topsy.com', 'QP8T1Wa', 2);
insert into LOGIN (person_id, email, password, authorization_level) values (109, 'oloyndon30@wufoo.com', 'fhn4W8', 3);
insert into LOGIN (person_id, email, password, authorization_level) values (110, 'nbontine31@bloglines.com', 'qU9YXtgY', 1);
insert into LOGIN (person_id, email, password, authorization_level) values (111, 'rminifie32@indiegogo.com', '4koNbf4K', 2);
insert into LOGIN (person_id, email, password, authorization_level) values (112, 'gbilt33@technorati.com', 'HK0GBYVXUY3', 2);
insert into LOGIN (person_id, email, password, authorization_level) values (113, 'awhitmell34@si.edu', 'FDsUFwn7vl', 3);
insert into LOGIN (person_id, email, password, authorization_level) values (114, 'tmapp35@ftc.gov', '6v6vmYOKYA8', 2);
insert into LOGIN (person_id, email, password, authorization_level) values (115, 'jdunsford36@over-blog.com', '8dPEU5VC', 3);
insert into LOGIN (person_id, email, password, authorization_level) values (116, 'rmawtus37@bluehost.com', 'RMYkwQhVjYD', 3);
insert into LOGIN (person_id, email, password, authorization_level) values (117, 'elinster38@earthlink.net', 'HEvkoegA', 3);
insert into LOGIN (person_id, email, password, authorization_level) values (118, 'hkingwell39@sohu.com', 'JEVwC0sN2x', 2);
insert into LOGIN (person_id, email, password, authorization_level) values (119, 'lpeterken3a@diigo.com', '4qPTRR6S', 1);
insert into LOGIN (person_id, email, password, authorization_level) values (120, 'wderl3b@wordpress.org', 'uEHxictXk', 0);
insert into LOGIN (person_id, email, password, authorization_level) values (121, 'kstockbridge3c@bbc.co.uk', 'EuOURBPNF', 2);
insert into LOGIN (person_id, email, password, authorization_level) values (122, 'afewings3d@ed.gov', 'OIMZJoHLW', 2);
insert into LOGIN (person_id, email, password, authorization_level) values (123, 'wgercken3e@usatoday.com', 'dheunLRHsxQR', 2);
insert into LOGIN (person_id, email, password, authorization_level) values (124, 'mgurge3f@vk.com', 'yWLiy2Jj5qy', 3);
insert into LOGIN (person_id, email, password, authorization_level) values (125, 'tgreser3g@surveymonkey.com', 'uUFzi2', 0);
insert into LOGIN (person_id, email, password, authorization_level) values (126, 'dtenny3h@4shared.com', 'PawNuYHZfZt', 1);
insert into LOGIN (person_id, email, password, authorization_level) values (127, 'ctrosdall3i@sohu.com', '01MIwczrm', 1);
insert into LOGIN (person_id, email, password, authorization_level) values (128, 'wwardle3j@illinois.edu', 'Bx0rENn', 2);
insert into LOGIN (person_id, email, password, authorization_level) values (129, 'wrennebach3k@hud.gov', 'MBNJBwI2TZ', 2);
insert into LOGIN (person_id, email, password, authorization_level) values (130, 'lkeller3l@live.com', 'KVLXjHrB', 3);
insert into LOGIN (person_id, email, password, authorization_level) values (131, 'wlovekin3m@hp.com', 'tZh2H6yRcYQM', 2);
insert into LOGIN (person_id, email, password, authorization_level) values (132, 'clethley3n@dion.ne.jp', 'lV7KKVi', 3);
insert into LOGIN (person_id, email, password, authorization_level) values (133, 'bohickey3o@eepurl.com', 'UtwoeN', 0);
insert into LOGIN (person_id, email, password, authorization_level) values (134, 'cdewinton3p@reference.com', 'APJ8flF0INDa', 0);
insert into LOGIN (person_id, email, password, authorization_level) values (135, 'dlampaert3q@prlog.org', 'x2jZia70F09b', 1);
insert into LOGIN (person_id, email, password, authorization_level) values (136, 'srodriguez3r@house.gov', 'gsuHTCwxo', 0);
insert into LOGIN (person_id, email, password, authorization_level) values (137, 'aarrundale3s@utexas.edu', 'dBjSqXyYF4', 3);
insert into LOGIN (person_id, email, password, authorization_level) values (138, 'ktapper3t@europa.eu', 'JltjZmvfnCqU', 2);
insert into LOGIN (person_id, email, password, authorization_level) values (139, 'dkorneev3u@biblegateway.com', 'kljNqr', 0);
insert into LOGIN (person_id, email, password, authorization_level) values (140, 'ograbban3v@ameblo.jp', 'knPgvE', 1);
insert into LOGIN (person_id, email, password, authorization_level) values (141, 'bbello3w@wikimedia.org', 'z3SiWn', 0);
insert into LOGIN (person_id, email, password, authorization_level) values (142, 'dmarl3x@wikimedia.org', 'pHh8PeUTIQMD', 1);
insert into LOGIN (person_id, email, password, authorization_level) values (143, 'cchadwen3y@imgur.com', '7tKMfZMTr', 0);
insert into LOGIN (person_id, email, password, authorization_level) values (144, 'ssallter3z@guardian.co.uk', 'imNcz9', 2);
insert into LOGIN (person_id, email, password, authorization_level) values (145, 'gcormack40@de.vu', 'xC3fouom', 1);
insert into LOGIN (person_id, email, password, authorization_level) values (146, 'ssorbie41@salon.com', 'KqzTZMgKq', 2);
insert into LOGIN (person_id, email, password, authorization_level) values (147, 'sarnowitz42@miitbeian.gov.cn', 'gcdBBmP', 1);
insert into LOGIN (person_id, email, password, authorization_level) values (148, 'tadamoli43@narod.ru', 'SjfFzjJJ', 1);
insert into LOGIN (person_id, email, password, authorization_level) values (149, 'rflag44@wunderground.com', 'P6OOaL7gyyFn', 0);
insert into LOGIN (person_id, email, password, authorization_level) values (150, 'calpes45@mozilla.com', 'vSlPvdesq', 1);
insert into LOGIN (person_id, email, password, authorization_level) values (151, 'trodgers46@opera.com', 'Ci7MwA9AD', 1);
insert into LOGIN (person_id, email, password, authorization_level) values (152, 'ncastelow47@columbia.edu', 'dLh24BXW0vj', 2);
insert into LOGIN (person_id, email, password, authorization_level) values (153, 'chiers48@globo.com', 'lAhinVGHQ3N', 1);
insert into LOGIN (person_id, email, password, authorization_level) values (154, 'iockenden49@com.com', 'kr0Q1GBDf', 2);
insert into LOGIN (person_id, email, password, authorization_level) values (155, 'troblett4a@theguardian.com', 'DTxz72h', 0);
insert into LOGIN (person_id, email, password, authorization_level) values (156, 'ccrosston4b@unesco.org', 'Z5UWT1', 0);
insert into LOGIN (person_id, email, password, authorization_level) values (157, 'tkeele4c@alibaba.com', '461UK05y', 2);
insert into LOGIN (person_id, email, password, authorization_level) values (158, 'okeasy4d@goo.ne.jp', 'jqe6N7n', 0);
insert into LOGIN (person_id, email, password, authorization_level) values (159, 'arickcord4e@webnode.com', '298gI6gs2X', 1);
insert into LOGIN (person_id, email, password, authorization_level) values (160, 'hskull4f@ycombinator.com', '7Rs5cloW', 2);
insert into LOGIN (person_id, email, password, authorization_level) values (161, 'drhead4g@hexun.com', 'hTunFOYL4rwD', 3);
insert into LOGIN (person_id, email, password, authorization_level) values (162, 'mcowsby4h@yellowbook.com', 'umMjOulAlbS', 3);
insert into LOGIN (person_id, email, password, authorization_level) values (163, 'ggibling4i@mit.edu', 'QkGHg8XzsP', 2);
insert into LOGIN (person_id, email, password, authorization_level) values (164, 'ckindleysides4j@disqus.com', 'FmGdh3LC', 2);
insert into LOGIN (person_id, email, password, authorization_level) values (165, 'eshortell4k@zimbio.com', '7gbFLjC8uwt', 0);
insert into LOGIN (person_id, email, password, authorization_level) values (166, 'cfawbert4l@abc.net.au', 'sEYKXyNm', 2);
insert into LOGIN (person_id, email, password, authorization_level) values (167, 'durian4m@bloglines.com', 'Ootxx9lxO4y', 1);
insert into LOGIN (person_id, email, password, authorization_level) values (168, 'etegeller4n@army.mil', 'SaoF0771I4', 2);
insert into LOGIN (person_id, email, password, authorization_level) values (169, 'gedler4o@adobe.com', 'i6g3eUyjJA7k', 2);
insert into LOGIN (person_id, email, password, authorization_level) values (170, 'agamlin4p@globo.com', 'RYZt119dnn2B', 1);
insert into LOGIN (person_id, email, password, authorization_level) values (171, 'mpursey4q@fastcompany.com', 'rOowOTwVDvQ', 2);
insert into LOGIN (person_id, email, password, authorization_level) values (172, 'vtams4r@zdnet.com', 'YwRDVsL', 3);
insert into LOGIN (person_id, email, password, authorization_level) values (173, 'ghembling4s@163.com', 'sXoYfYSx9W', 2);
insert into LOGIN (person_id, email, password, authorization_level) values (174, 'jhansill4t@shareasale.com', 'xnYPWU', 2);
insert into LOGIN (person_id, email, password, authorization_level) values (175, 'nplumer4u@sphinn.com', 'V0zB7r5Qgv6', 1);
insert into LOGIN (person_id, email, password, authorization_level) values (176, 'fvanhove4v@bloglines.com', 'AwPinImuorb', 3);
insert into LOGIN (person_id, email, password, authorization_level) values (177, 'mcaselick4w@shinystat.com', 'daok4iZYz2o', 3);
insert into LOGIN (person_id, email, password, authorization_level) values (178, 'dewert4x@omniture.com', '1xMspD', 2);
insert into LOGIN (person_id, email, password, authorization_level) values (179, 'swhinney4y@google.fr', '5omYYaOnIdMx', 3);
insert into LOGIN (person_id, email, password, authorization_level) values (180, 'acomellini4z@microsoft.com', 'ojGcH2U', 0);
insert into LOGIN (person_id, email, password, authorization_level) values (181, 'deul50@digg.com', 'LQqYCCuganXd', 3);
insert into LOGIN (person_id, email, password, authorization_level) values (182, 'bblackhurst51@ezinearticles.com', 'XGfcYC196p5q', 1);
insert into LOGIN (person_id, email, password, authorization_level) values (183, 'ksargant52@house.gov', 'BDtYxd41', 2);
insert into LOGIN (person_id, email, password, authorization_level) values (184, 'kmorphew53@discuz.net', 'wj3zZSOcdP', 2);
insert into LOGIN (person_id, email, password, authorization_level) values (185, 'smellody54@wisc.edu', '04xJL2Jb0nLR', 1);
insert into LOGIN (person_id, email, password, authorization_level) values (186, 'raimson55@amazon.co.uk', 'lBlGl4cayT0', 2);
insert into LOGIN (person_id, email, password, authorization_level) values (187, 'lcawkill56@theglobeandmail.com', 'FuhwkCUAX0bv', 3);
insert into LOGIN (person_id, email, password, authorization_level) values (188, 'aalphege57@unblog.fr', '5a6vx0nZw0c', 1);
insert into LOGIN (person_id, email, password, authorization_level) values (189, 'akase58@altervista.org', 'xNub3iy', 0);
insert into LOGIN (person_id, email, password, authorization_level) values (190, 'kferreri59@ifeng.com', 'NqEzXJ', 1);
insert into LOGIN (person_id, email, password, authorization_level) values (191, 'mstittle5a@wix.com', 'iDK9tl8FaOlH', 0);
insert into LOGIN (person_id, email, password, authorization_level) values (192, 'briquet5b@odnoklassniki.ru', 'vkElrjD', 1);
insert into LOGIN (person_id, email, password, authorization_level) values (193, 'cmichele5c@sohu.com', 'AUBVh4wWOeou', 0);
insert into LOGIN (person_id, email, password, authorization_level) values (194, 'alawrenceson5d@github.com', 'N2bRO5u0', 1);
insert into LOGIN (person_id, email, password, authorization_level) values (195, 'dmitford5e@constantcontact.com', 'xQvNDqN', 0);
insert into LOGIN (person_id, email, password, authorization_level) values (196, 'vhalfhide5f@bluehost.com', 'kRAOoKfldT', 0);
insert into LOGIN (person_id, email, password, authorization_level) values (197, 'deccleshall5g@tmall.com', 'Mfxki5j', 0);
insert into LOGIN (person_id, email, password, authorization_level) values (198, 'kbarnicott5h@statcounter.com', 'QCnBQX', 3);
insert into LOGIN (person_id, email, password, authorization_level) values (199, 'wbazylets5i@vk.com', '8LHYWGClahs', 1);
insert into LOGIN (person_id, email, password, authorization_level) values (200, 'uklimontovich5j@ameblo.jp', 'A6qZV2o', 2);
insert into LOGIN (person_id, email, password, authorization_level) values (201, 'crakes5k@yellowpages.com', 'tKNCBKn0nk', 0);
insert into LOGIN (person_id, email, password, authorization_level) values (202, 'mguiso5l@icio.us', '2jsZFXbh5T', 1);
insert into LOGIN (person_id, email, password, authorization_level) values (203, 'jparkes5m@hud.gov', 'Qcz7O0Re', 0);
insert into LOGIN (person_id, email, password, authorization_level) values (204, 'lkincla5n@forbes.com', 'lU8t7HSq', 3);
insert into LOGIN (person_id, email, password, authorization_level) values (205, 'dlude5o@squidoo.com', '97x5ITxb', 2);
insert into LOGIN (person_id, email, password, authorization_level) values (206, 'rreisen5p@bizjournals.com', '6YhjShdu6gK', 2);
insert into LOGIN (person_id, email, password, authorization_level) values (207, 'iosmint5q@discovery.com', 't4rgbGnI', 0);
insert into LOGIN (person_id, email, password, authorization_level) values (208, 'ksiman5r@w3.org', 'v4EV8VgX1s', 0);
insert into LOGIN (person_id, email, password, authorization_level) values (209, 'rbullers5s@samsung.com', 'y01GXC', 0);
insert into LOGIN (person_id, email, password, authorization_level) values (210, 'kroff5t@google.pl', 'QSDLEiy', 3);
insert into LOGIN (person_id, email, password, authorization_level) values (211, 'head5u@ustream.tv', 'WHL5maaZ3rM', 2);
insert into LOGIN (person_id, email, password, authorization_level) values (212, 'gkurt5v@toplist.cz', 'yjo5NqaH7D', 0);
insert into LOGIN (person_id, email, password, authorization_level) values (213, 'fdeverille5w@elpais.com', '1ZnGIt7n1g7', 0);
insert into LOGIN (person_id, email, password, authorization_level) values (214, 'ymarron5x@etsy.com', '27zMia5sKE', 1);
insert into LOGIN (person_id, email, password, authorization_level) values (215, 'nsnelle5y@google.co.uk', 'KbBpTH', 2);
insert into LOGIN (person_id, email, password, authorization_level) values (216, 'pwolton5z@opensource.org', 'J8yRZ1', 3);
insert into LOGIN (person_id, email, password, authorization_level) values (217, 'wsaltwell60@devhub.com', 'AFgTeR3M8Q', 0);
insert into LOGIN (person_id, email, password, authorization_level) values (218, 'kmacchaell61@nps.gov', 'jVkiL7', 0);
insert into LOGIN (person_id, email, password, authorization_level) values (219, 'vjenner62@cbslocal.com', 'jn5F4kr', 1);
insert into LOGIN (person_id, email, password, authorization_level) values (220, 'bgoodenough63@psu.edu', 'OTktBQd', 0);
insert into LOGIN (person_id, email, password, authorization_level) values (221, 'jjuschka64@loc.gov', '1AzMYRwfjP', 0);
insert into LOGIN (person_id, email, password, authorization_level) values (222, 'jcongrave65@flavors.me', 'B2OsJWQWKhL', 0);
insert into LOGIN (person_id, email, password, authorization_level) values (223, 'psheilds66@disqus.com', 'aZ0fesNmsOjF', 1);
insert into LOGIN (person_id, email, password, authorization_level) values (224, 'osilber67@com.com', 'B0Yaed4O', 2);
insert into LOGIN (person_id, email, password, authorization_level) values (225, 'csewall68@acquirethisname.com', 'cyup0FvDf', 0);
insert into LOGIN (person_id, email, password, authorization_level) values (226, 'pstreight69@1688.com', 'sw6FEa2mG', 1);
insert into LOGIN (person_id, email, password, authorization_level) values (227, 'kwylam6a@cbc.ca', 'wmHS2A6D', 1);
insert into LOGIN (person_id, email, password, authorization_level) values (228, 'socorrin6b@1und1.de', 'BTZEMO7W3j', 3);
insert into LOGIN (person_id, email, password, authorization_level) values (229, 'astirrup6c@spotify.com', 'HU8EIHj', 1);
insert into LOGIN (person_id, email, password, authorization_level) values (230, 'akruschov6d@oaic.gov.au', 'tiePrIBvdN', 2);
insert into LOGIN (person_id, email, password, authorization_level) values (231, 'alekeux6e@bloomberg.com', 'TNo1GaF', 1);
insert into LOGIN (person_id, email, password, authorization_level) values (232, 'ycorkell6f@abc.net.au', 'LMcMsVsS2', 2);
insert into LOGIN (person_id, email, password, authorization_level) values (233, 'dsaer6g@trellian.com', 'kXTLhE', 2);
insert into LOGIN (person_id, email, password, authorization_level) values (234, 'aperillo6h@paypal.com', 'mCbvalvq6', 2);
insert into LOGIN (person_id, email, password, authorization_level) values (235, 'gmcgenn6i@eepurl.com', 'iGW8mwJn', 0);
insert into LOGIN (person_id, email, password, authorization_level) values (236, 'amylan6j@51.la', 'kjKCmZ', 2);
insert into LOGIN (person_id, email, password, authorization_level) values (237, 'ggoggen6k@google.es', 'GZbeqq', 1);
insert into LOGIN (person_id, email, password, authorization_level) values (238, 'ndobbyn6l@virginia.edu', 'aV7lZ03A8', 1);
insert into LOGIN (person_id, email, password, authorization_level) values (239, 'hgeldert6m@blogger.com', 'vg607bB8', 2);
insert into LOGIN (person_id, email, password, authorization_level) values (240, 'astenhouse6n@cnet.com', 'G2zSOVt', 0);
insert into LOGIN (person_id, email, password, authorization_level) values (241, 'akiwitz6o@list-manage.com', 'p55LzacZfQ', 0);
insert into LOGIN (person_id, email, password, authorization_level) values (242, 'bbullman6p@nifty.com', 'e0WwQU9', 2);
insert into LOGIN (person_id, email, password, authorization_level) values (243, 'bdinis6q@paypal.com', '361KSBZqGL', 2);
insert into LOGIN (person_id, email, password, authorization_level) values (244, 'bgoodreid6r@merriam-webster.com', 'a0GlY0ZJE', 0);
insert into LOGIN (person_id, email, password, authorization_level) values (245, 'kjakobssen6s@about.me', 'hpoK3zAOu', 1);
insert into LOGIN (person_id, email, password, authorization_level) values (246, 'ghappel6t@delicious.com', 'X0nnSMY', 0);
insert into LOGIN (person_id, email, password, authorization_level) values (247, 'atwydell6u@tumblr.com', 'pfJChYxrU7m', 1);
insert into LOGIN (person_id, email, password, authorization_level) values (248, 'mgiannazzi6v@washington.edu', 'vRTrQSd', 1);
insert into LOGIN (person_id, email, password, authorization_level) values (249, 'klynam6w@walmart.com', 'iJEprj', 3);
insert into LOGIN (person_id, email, password, authorization_level) values (250, 'odechastelain6x@edublogs.org', 'f4G0sz8Of', 3);
insert into LOGIN (person_id, email, password, authorization_level) values (251, 'bducarme6y@digg.com', '3eNkSiiY', 2);
insert into LOGIN (person_id, email, password, authorization_level) values (252, 'alenoury6z@fema.gov', 'fIIgAo', 3);
insert into LOGIN (person_id, email, password, authorization_level) values (253, 'lcarlsson70@pbs.org', 'NOWY0jWi5jHZ', 0);
insert into LOGIN (person_id, email, password, authorization_level) values (254, 'gzienkiewicz71@fema.gov', 'd0xOmlWT', 3);
insert into LOGIN (person_id, email, password, authorization_level) values (255, 'ahallahan72@deliciousdays.com', 'PI1kjf3ooZ', 3);
insert into LOGIN (person_id, email, password, authorization_level) values (256, 'pyeomans73@time.com', 'YxQ8kZ', 0);
insert into LOGIN (person_id, email, password, authorization_level) values (257, 'fdibden74@ucla.edu', 'RTfJMT9cx2', 3);
insert into LOGIN (person_id, email, password, authorization_level) values (258, 'ajosowitz75@mozilla.org', '3gPyh12lIUQu', 1);
insert into LOGIN (person_id, email, password, authorization_level) values (259, 'worgill76@canalblog.com', 'u5gq5zCmZ5XF', 2);
insert into LOGIN (person_id, email, password, authorization_level) values (260, 'mheijnen77@gravatar.com', 'PtTpcVGmC', 2);
insert into LOGIN (person_id, email, password, authorization_level) values (261, 'ahankey78@imageshack.us', '7mFmhPQ', 1);
insert into LOGIN (person_id, email, password, authorization_level) values (262, 'egandrich79@nba.com', 'iOIzsOtyLXB', 3);
insert into LOGIN (person_id, email, password, authorization_level) values (263, 'skinkade7a@booking.com', 'fgtnjGt', 0);
insert into LOGIN (person_id, email, password, authorization_level) values (264, 'nemanson7b@hibu.com', '71QbwqIRJWcb', 0);
insert into LOGIN (person_id, email, password, authorization_level) values (265, 'eocarney7c@skyrock.com', '30KSqSuAPeTh', 0);
insert into LOGIN (person_id, email, password, authorization_level) values (266, 'cstillgoe7d@blogtalkradio.com', 'NhII0POp', 0);
insert into LOGIN (person_id, email, password, authorization_level) values (267, 'aplease7e@flickr.com', 'XzDzba', 1);
insert into LOGIN (person_id, email, password, authorization_level) values (268, 'gbricksey7f@engadget.com', 'YYGeizxA8aq', 2);
insert into LOGIN (person_id, email, password, authorization_level) values (269, 'pshuttlewood7g@virginia.edu', 'nzUbPpqUqX6', 2);
insert into LOGIN (person_id, email, password, authorization_level) values (270, 'qpalin7h@4shared.com', 'cJnDWV', 0);
insert into LOGIN (person_id, email, password, authorization_level) values (271, 'vcausnett7i@gmpg.org', 'iK3oX1J', 1);
insert into LOGIN (person_id, email, password, authorization_level) values (272, 'zgothup7j@omniture.com', 'ew03OV8d', 0);
insert into LOGIN (person_id, email, password, authorization_level) values (273, 'cphipps7k@livejournal.com', 'OK2qLi', 1);
insert into LOGIN (person_id, email, password, authorization_level) values (274, 'tpressman7l@engadget.com', 'DemrRTwEY6Sj', 2);
insert into LOGIN (person_id, email, password, authorization_level) values (275, 'lkinnar7m@about.me', 'IZtVHDrb5h10', 3);
insert into LOGIN (person_id, email, password, authorization_level) values (276, 'abarkley7n@vkontakte.ru', 'b9dRmg9V2Tq', 3);
insert into LOGIN (person_id, email, password, authorization_level) values (277, 'rksandra7o@slate.com', 'j7aJuDAjm', 1);
insert into LOGIN (person_id, email, password, authorization_level) values (278, 'bdarwen7p@tuttocitta.it', 'JRWdejRczM', 3);
insert into LOGIN (person_id, email, password, authorization_level) values (279, 'cdrivers7q@amazon.co.jp', 'k9Beea', 2);
insert into LOGIN (person_id, email, password, authorization_level) values (280, 'sminger7r@sina.com.cn', 'BEXQQvEMs40I', 3);
insert into LOGIN (person_id, email, password, authorization_level) values (281, 'lbeatty7s@tuttocitta.it', 'oOX7Ny93', 1);
insert into LOGIN (person_id, email, password, authorization_level) values (282, 'ralyonov7t@homestead.com', 'mfCLz7cDJrE', 0);
insert into LOGIN (person_id, email, password, authorization_level) values (283, 'tdeely7u@xing.com', '0D3S3ZoTXtsN', 0);
insert into LOGIN (person_id, email, password, authorization_level) values (284, 'mcoy7v@msu.edu', 'zdnW93aK', 3);
insert into LOGIN (person_id, email, password, authorization_level) values (285, 'lrobertshaw7w@gravatar.com', 'G5bh7Rf7YsvM', 0);
insert into LOGIN (person_id, email, password, authorization_level) values (286, 'sdudley7x@goo.gl', 'oXFRyTvRf', 1);
insert into LOGIN (person_id, email, password, authorization_level) values (287, 'lmethuen7y@topsy.com', 'feAQAVY', 1);
insert into LOGIN (person_id, email, password, authorization_level) values (288, 'hcorr7z@wsj.com', 'bH4xsDj4S', 2);
insert into LOGIN (person_id, email, password, authorization_level) values (289, 'lroddy80@squarespace.com', 'oJBBL4p1E', 2);
insert into LOGIN (person_id, email, password, authorization_level) values (290, 'cdaulton81@buzzfeed.com', 'Kll2ZV', 2);
insert into LOGIN (person_id, email, password, authorization_level) values (291, 'ccoleridge82@godaddy.com', 'LObKECu', 1);
insert into LOGIN (person_id, email, password, authorization_level) values (292, 'chender83@squarespace.com', 'lgrocVnf4tvS', 0);
insert into LOGIN (person_id, email, password, authorization_level) values (293, 'aubsdell84@gov.uk', 'RHrySSn10', 1);
insert into LOGIN (person_id, email, password, authorization_level) values (294, 'dkensett85@npr.org', 'XoSzaLbTdj', 0);
insert into LOGIN (person_id, email, password, authorization_level) values (295, 'eslesser86@pinterest.com', 'ULnhwzTQ', 0);
insert into LOGIN (person_id, email, password, authorization_level) values (296, 'pmonni87@mac.com', 'kuKjuoJr', 1);
insert into LOGIN (person_id, email, password, authorization_level) values (297, 'fkacheler88@hostgator.com', 'SzHlTy3', 3);
insert into LOGIN (person_id, email, password, authorization_level) values (298, 'lcausby89@ihg.com', 'HatyoRFB7', 3);
insert into LOGIN (person_id, email, password, authorization_level) values (299, 'kblumsom8a@cdc.gov', 'L3JtfwUZxo', 0);
insert into LOGIN (person_id, email, password, authorization_level) values (300, 'astranger8b@yahoo.co.jp', 'E2uG3Pj', 2);

insert into INVOICE (id, invoice_date, total, executo_id) values (1, '2019-07-08', 12, 1);
insert into INVOICE (id, invoice_date, total, executo_id) values (2, '2019-06-28', 17, 2);
insert into INVOICE (id, invoice_date, total, executo_id) values (3, '2019-05-28', 11, 3);
insert into INVOICE (id, invoice_date, total, executo_id) values (4, '2019-11-24', 7, 4);
insert into INVOICE (id, invoice_date, total, executo_id) values (5, '2020-03-29', 3, 5);
insert into INVOICE (id, invoice_date, total, executo_id) values (6, '2019-06-26', 15, 6);
insert into INVOICE (id, invoice_date, total, executo_id) values (7, '2019-12-27', 2, 7);
insert into INVOICE (id, invoice_date, total, executo_id) values (8, '2019-09-07', 6, 8);
insert into INVOICE (id, invoice_date, total, executo_id) values (9, '2020-03-21', 8, 9);
insert into INVOICE (id, invoice_date, total, executo_id) values (10, '2019-06-08', 20, 10);
insert into INVOICE (id, invoice_date, total, executo_id) values (11, '2020-02-11', 21, 11);
insert into INVOICE (id, invoice_date, total, executo_id) values (12, '2019-07-31', 19, 12);
insert into INVOICE (id, invoice_date, total, executo_id) values (13, '2020-04-13', 0, 13);
insert into INVOICE (id, invoice_date, total, executo_id) values (14, '2020-04-20', 3, 14);
insert into INVOICE (id, invoice_date, total, executo_id) values (15, '2019-09-26', 23, 15);
insert into INVOICE (id, invoice_date, total, executo_id) values (16, '2020-04-20', 8, 16);
insert into INVOICE (id, invoice_date, total, executo_id) values (17, '2019-09-29', 15, 17);
insert into INVOICE (id, invoice_date, total, executo_id) values (18, '2020-04-14', 11, 18);
insert into INVOICE (id, invoice_date, total, executo_id) values (19, '2019-10-17', 17, 19);
insert into INVOICE (id, invoice_date, total, executo_id) values (20, '2020-02-03', 21, 20);
insert into INVOICE (id, invoice_date, total, executo_id) values (21, '2019-07-30', 8, 21);
insert into INVOICE (id, invoice_date, total, executo_id) values (22, '2019-09-08', 4, 22);
insert into INVOICE (id, invoice_date, total, executo_id) values (23, '2020-02-02', 19, 23);
insert into INVOICE (id, invoice_date, total, executo_id) values (24, '2020-03-09', 15, 24);
insert into INVOICE (id, invoice_date, total, executo_id) values (25, '2019-05-25', 11, 25);
insert into INVOICE (id, invoice_date, total, executo_id) values (26, '2020-01-31', 22, 26);
insert into INVOICE (id, invoice_date, total, executo_id) values (27, '2019-12-01', 22, 27);
insert into INVOICE (id, invoice_date, total, executo_id) values (28, '2019-07-16', 22, 28);
insert into INVOICE (id, invoice_date, total, executo_id) values (29, '2020-02-15', 24, 29);
insert into INVOICE (id, invoice_date, total, executo_id) values (30, '2019-06-08', 20, 30);
insert into INVOICE (id, invoice_date, total, executo_id) values (31, '2019-09-01', 23, 31);
insert into INVOICE (id, invoice_date, total, executo_id) values (32, '2019-06-24', 6, 32);
insert into INVOICE (id, invoice_date, total, executo_id) values (33, '2019-12-01', 10, 33);
insert into INVOICE (id, invoice_date, total, executo_id) values (34, '2019-11-27', 8, 34);
insert into INVOICE (id, invoice_date, total, executo_id) values (35, '2020-02-26', 16, 35);
insert into INVOICE (id, invoice_date, total, executo_id) values (36, '2020-04-17', 10, 36);
insert into INVOICE (id, invoice_date, total, executo_id) values (37, '2019-11-28', 24, 37);
insert into INVOICE (id, invoice_date, total, executo_id) values (38, '2019-10-29', 10, 38);
insert into INVOICE (id, invoice_date, total, executo_id) values (39, '2019-06-30', 1, 39);
insert into INVOICE (id, invoice_date, total, executo_id) values (40, '2019-04-30', 11, 40);
insert into INVOICE (id, invoice_date, total, executo_id) values (41, '2019-10-15', 19, 41);
insert into INVOICE (id, invoice_date, total, executo_id) values (42, '2019-08-22', 4, 42);
insert into INVOICE (id, invoice_date, total, executo_id) values (43, '2019-12-23', 9, 43);
insert into INVOICE (id, invoice_date, total, executo_id) values (44, '2020-03-30', 17, 44);
insert into INVOICE (id, invoice_date, total, executo_id) values (45, '2019-07-14', 9, 45);
insert into INVOICE (id, invoice_date, total, executo_id) values (46, '2020-03-03', 14, 46);
insert into INVOICE (id, invoice_date, total, executo_id) values (47, '2019-10-12', 22, 47);
insert into INVOICE (id, invoice_date, total, executo_id) values (48, '2020-04-11', 23, 48);
insert into INVOICE (id, invoice_date, total, executo_id) values (49, '2019-06-27', 19, 49);
insert into INVOICE (id, invoice_date, total, executo_id) values (50, '2019-09-03', 12, 50);
insert into INVOICE (id, invoice_date, total, executo_id) values (51, '2019-12-05', 10, 51);
insert into INVOICE (id, invoice_date, total, executo_id) values (52, '2020-01-06', 23, 52);
insert into INVOICE (id, invoice_date, total, executo_id) values (53, '2019-11-21', 23, 53);
insert into INVOICE (id, invoice_date, total, executo_id) values (54, '2019-11-08', 0, 54);
insert into INVOICE (id, invoice_date, total, executo_id) values (55, '2019-12-15', 21, 55);
insert into INVOICE (id, invoice_date, total, executo_id) values (56, '2019-09-23', 13, 56);
insert into INVOICE (id, invoice_date, total, executo_id) values (57, '2020-02-24', 22, 57);
insert into INVOICE (id, invoice_date, total, executo_id) values (58, '2020-04-15', 6, 58);
insert into INVOICE (id, invoice_date, total, executo_id) values (59, '2019-05-14', 2, 59);
insert into INVOICE (id, invoice_date, total, executo_id) values (60, '2020-02-26', 21, 60);
insert into INVOICE (id, invoice_date, total, executo_id) values (61, '2019-05-16', 7, 61);
insert into INVOICE (id, invoice_date, total, executo_id) values (62, '2020-04-11', 15, 62);
insert into INVOICE (id, invoice_date, total, executo_id) values (63, '2019-12-25', 24, 63);
insert into INVOICE (id, invoice_date, total, executo_id) values (64, '2019-04-28', 11, 64);
insert into INVOICE (id, invoice_date, total, executo_id) values (65, '2019-07-02', 18, 65);
insert into INVOICE (id, invoice_date, total, executo_id) values (66, '2019-07-31', 21, 66);
insert into INVOICE (id, invoice_date, total, executo_id) values (67, '2020-02-23', 14, 67);
insert into INVOICE (id, invoice_date, total, executo_id) values (68, '2019-12-30', 11, 68);
insert into INVOICE (id, invoice_date, total, executo_id) values (69, '2019-07-13', 3, 69);
insert into INVOICE (id, invoice_date, total, executo_id) values (70, '2019-11-14', 12, 70);
insert into INVOICE (id, invoice_date, total, executo_id) values (71, '2019-12-12', 4, 71);
insert into INVOICE (id, invoice_date, total, executo_id) values (72, '2019-09-30', 0, 72);
insert into INVOICE (id, invoice_date, total, executo_id) values (73, '2020-03-08', 20, 73);
insert into INVOICE (id, invoice_date, total, executo_id) values (74, '2019-10-11', 17, 74);
insert into INVOICE (id, invoice_date, total, executo_id) values (75, '2019-08-09', 20, 75);
insert into INVOICE (id, invoice_date, total, executo_id) values (76, '2019-05-05', 9, 76);
insert into INVOICE (id, invoice_date, total, executo_id) values (77, '2019-09-04', 9, 77);
insert into INVOICE (id, invoice_date, total, executo_id) values (78, '2019-05-09', 4, 78);
insert into INVOICE (id, invoice_date, total, executo_id) values (79, '2019-10-29', 24, 79);
insert into INVOICE (id, invoice_date, total, executo_id) values (80, '2019-06-25', 10, 80);
insert into INVOICE (id, invoice_date, total, executo_id) values (81, '2020-04-19', 22, 81);
insert into INVOICE (id, invoice_date, total, executo_id) values (82, '2019-09-15', 24, 82);
insert into INVOICE (id, invoice_date, total, executo_id) values (83, '2020-04-04', 21, 83);
insert into INVOICE (id, invoice_date, total, executo_id) values (84, '2020-01-25', 3, 84);
insert into INVOICE (id, invoice_date, total, executo_id) values (85, '2019-09-06', 22, 85);
insert into INVOICE (id, invoice_date, total, executo_id) values (86, '2019-08-09', 13, 86);
insert into INVOICE (id, invoice_date, total, executo_id) values (87, '2019-09-10', 4, 87);
insert into INVOICE (id, invoice_date, total, executo_id) values (88, '2019-12-06', 2, 88);
insert into INVOICE (id, invoice_date, total, executo_id) values (89, '2020-02-26', 9, 89);
insert into INVOICE (id, invoice_date, total, executo_id) values (90, '2020-03-23', 12, 90);
insert into INVOICE (id, invoice_date, total, executo_id) values (91, '2019-08-29', 15, 91);
insert into INVOICE (id, invoice_date, total, executo_id) values (92, '2019-07-11', 23, 92);
insert into INVOICE (id, invoice_date, total, executo_id) values (93, '2019-09-18', 10, 93);
insert into INVOICE (id, invoice_date, total, executo_id) values (94, '2019-07-27', 8, 94);
insert into INVOICE (id, invoice_date, total, executo_id) values (95, '2019-07-10', 1, 95);
insert into INVOICE (id, invoice_date, total, executo_id) values (96, '2020-03-30', 15, 96);
insert into INVOICE (id, invoice_date, total, executo_id) values (97, '2019-11-19', 20, 97);
insert into INVOICE (id, invoice_date, total, executo_id) values (98, '2019-06-19', 21, 98);
insert into INVOICE (id, invoice_date, total, executo_id) values (99, '2019-08-02', 24, 99);
insert into INVOICE (id, invoice_date, total, executo_id) values (100, '2019-06-05', 1, 100);
insert into INVOICE (id, invoice_date, total, executo_id) values (101, '2019-10-14', 15, 101);
insert into INVOICE (id, invoice_date, total, executo_id) values (102, '2019-08-24', 4, 102);
insert into INVOICE (id, invoice_date, total, executo_id) values (103, '2019-12-15', 2, 103);
insert into INVOICE (id, invoice_date, total, executo_id) values (104, '2019-08-23', 15, 104);
insert into INVOICE (id, invoice_date, total, executo_id) values (105, '2020-02-26', 11, 105);
insert into INVOICE (id, invoice_date, total, executo_id) values (106, '2020-03-04', 15, 106);
insert into INVOICE (id, invoice_date, total, executo_id) values (107, '2019-06-16', 4, 107);
insert into INVOICE (id, invoice_date, total, executo_id) values (108, '2019-05-15', 5, 108);
insert into INVOICE (id, invoice_date, total, executo_id) values (109, '2019-10-02', 0, 109);
insert into INVOICE (id, invoice_date, total, executo_id) values (110, '2019-09-13', 10, 110);
insert into INVOICE (id, invoice_date, total, executo_id) values (111, '2020-02-29', 3, 111);
insert into INVOICE (id, invoice_date, total, executo_id) values (112, '2019-11-27', 24, 112);
insert into INVOICE (id, invoice_date, total, executo_id) values (113, '2019-10-19', 6, 113);
insert into INVOICE (id, invoice_date, total, executo_id) values (114, '2019-06-26', 12, 114);
insert into INVOICE (id, invoice_date, total, executo_id) values (115, '2019-10-30', 23, 115);
insert into INVOICE (id, invoice_date, total, executo_id) values (116, '2019-08-20', 0, 116);
insert into INVOICE (id, invoice_date, total, executo_id) values (117, '2019-09-03', 18, 117);
insert into INVOICE (id, invoice_date, total, executo_id) values (118, '2020-02-12', 19, 118);
insert into INVOICE (id, invoice_date, total, executo_id) values (119, '2020-02-28', 7, 119);
insert into INVOICE (id, invoice_date, total, executo_id) values (120, '2019-07-14', 20, 120);
insert into INVOICE (id, invoice_date, total, executo_id) values (121, '2019-10-28', 10, 121);
insert into INVOICE (id, invoice_date, total, executo_id) values (122, '2019-10-16', 2, 122);
insert into INVOICE (id, invoice_date, total, executo_id) values (123, '2020-01-02', 15, 123);
insert into INVOICE (id, invoice_date, total, executo_id) values (124, '2020-02-06', 5, 124);
insert into INVOICE (id, invoice_date, total, executo_id) values (125, '2019-09-09', 23, 125);
insert into INVOICE (id, invoice_date, total, executo_id) values (126, '2020-03-31', 13, 126);
insert into INVOICE (id, invoice_date, total, executo_id) values (127, '2019-09-29', 5, 127);
insert into INVOICE (id, invoice_date, total, executo_id) values (128, '2019-11-13', 7, 128);
insert into INVOICE (id, invoice_date, total, executo_id) values (129, '2020-02-02', 8, 129);
insert into INVOICE (id, invoice_date, total, executo_id) values (130, '2019-11-02', 1, 130);
insert into INVOICE (id, invoice_date, total, executo_id) values (131, '2019-12-08', 14, 131);
insert into INVOICE (id, invoice_date, total, executo_id) values (132, '2020-02-14', 5, 132);
insert into INVOICE (id, invoice_date, total, executo_id) values (133, '2019-08-04', 18, 133);
insert into INVOICE (id, invoice_date, total, executo_id) values (134, '2019-12-18', 23, 134);
insert into INVOICE (id, invoice_date, total, executo_id) values (135, '2020-04-15', 5, 135);
insert into INVOICE (id, invoice_date, total, executo_id) values (136, '2019-10-20', 0, 136);
insert into INVOICE (id, invoice_date, total, executo_id) values (137, '2020-03-12', 20, 137);
insert into INVOICE (id, invoice_date, total, executo_id) values (138, '2019-10-29', 9, 138);
insert into INVOICE (id, invoice_date, total, executo_id) values (139, '2019-04-29', 21, 139);
insert into INVOICE (id, invoice_date, total, executo_id) values (140, '2019-11-07', 3, 140);
insert into INVOICE (id, invoice_date, total, executo_id) values (141, '2020-04-06', 12, 141);
insert into INVOICE (id, invoice_date, total, executo_id) values (142, '2020-01-31', 1, 142);
insert into INVOICE (id, invoice_date, total, executo_id) values (143, '2019-11-14', 7, 143);
insert into INVOICE (id, invoice_date, total, executo_id) values (144, '2019-12-07', 19, 144);
insert into INVOICE (id, invoice_date, total, executo_id) values (145, '2020-02-07', 11, 145);
insert into INVOICE (id, invoice_date, total, executo_id) values (146, '2019-05-21', 12, 146);
insert into INVOICE (id, invoice_date, total, executo_id) values (147, '2019-08-05', 20, 147);
insert into INVOICE (id, invoice_date, total, executo_id) values (148, '2019-08-07', 6, 148);
insert into INVOICE (id, invoice_date, total, executo_id) values (149, '2019-07-06', 24, 149);
insert into INVOICE (id, invoice_date, total, executo_id) values (150, '2019-06-17', 19, 150);
insert into INVOICE (id, invoice_date, total, executo_id) values (151, '2020-03-10', 17, 151);
insert into INVOICE (id, invoice_date, total, executo_id) values (152, '2020-03-28', 8, 152);
insert into INVOICE (id, invoice_date, total, executo_id) values (153, '2019-06-12', 3, 153);
insert into INVOICE (id, invoice_date, total, executo_id) values (154, '2019-05-02', 3, 154);
insert into INVOICE (id, invoice_date, total, executo_id) values (155, '2019-05-18', 2, 155);
insert into INVOICE (id, invoice_date, total, executo_id) values (156, '2019-10-03', 10, 156);
insert into INVOICE (id, invoice_date, total, executo_id) values (157, '2020-01-04', 17, 157);
insert into INVOICE (id, invoice_date, total, executo_id) values (158, '2019-07-01', 23, 158);
insert into INVOICE (id, invoice_date, total, executo_id) values (159, '2019-11-17', 13, 159);
insert into INVOICE (id, invoice_date, total, executo_id) values (160, '2020-02-25', 17, 160);
insert into INVOICE (id, invoice_date, total, executo_id) values (161, '2019-06-27', 9, 161);
insert into INVOICE (id, invoice_date, total, executo_id) values (162, '2019-05-24', 6, 162);
insert into INVOICE (id, invoice_date, total, executo_id) values (163, '2019-09-05', 23, 163);
insert into INVOICE (id, invoice_date, total, executo_id) values (164, '2019-05-09', 24, 164);
insert into INVOICE (id, invoice_date, total, executo_id) values (165, '2019-08-03', 8, 165);
insert into INVOICE (id, invoice_date, total, executo_id) values (166, '2020-02-10', 6, 166);
insert into INVOICE (id, invoice_date, total, executo_id) values (167, '2019-08-28', 6, 167);
insert into INVOICE (id, invoice_date, total, executo_id) values (168, '2019-07-10', 1, 168);
insert into INVOICE (id, invoice_date, total, executo_id) values (169, '2019-11-20', 16, 169);
insert into INVOICE (id, invoice_date, total, executo_id) values (170, '2020-04-18', 6, 170);
insert into INVOICE (id, invoice_date, total, executo_id) values (171, '2019-12-13', 11, 171);
insert into INVOICE (id, invoice_date, total, executo_id) values (172, '2019-06-18', 21, 172);
insert into INVOICE (id, invoice_date, total, executo_id) values (173, '2019-09-01', 15, 173);
insert into INVOICE (id, invoice_date, total, executo_id) values (174, '2020-04-21', 11, 174);
insert into INVOICE (id, invoice_date, total, executo_id) values (175, '2020-02-04', 2, 175);
insert into INVOICE (id, invoice_date, total, executo_id) values (176, '2019-07-02', 22, 176);
insert into INVOICE (id, invoice_date, total, executo_id) values (177, '2019-10-21', 9, 177);
insert into INVOICE (id, invoice_date, total, executo_id) values (178, '2019-04-28', 12, 178);
insert into INVOICE (id, invoice_date, total, executo_id) values (179, '2020-01-12', 4, 179);
insert into INVOICE (id, invoice_date, total, executo_id) values (180, '2019-05-15', 7, 180);
insert into INVOICE (id, invoice_date, total, executo_id) values (181, '2019-11-03', 10, 181);
insert into INVOICE (id, invoice_date, total, executo_id) values (182, '2019-08-17', 6, 182);
insert into INVOICE (id, invoice_date, total, executo_id) values (183, '2020-01-28', 13, 183);
insert into INVOICE (id, invoice_date, total, executo_id) values (184, '2019-12-18', 16, 184);
insert into INVOICE (id, invoice_date, total, executo_id) values (185, '2019-10-02', 12, 185);
insert into INVOICE (id, invoice_date, total, executo_id) values (186, '2019-09-09', 2, 186);
insert into INVOICE (id, invoice_date, total, executo_id) values (187, '2020-02-25', 0, 187);
insert into INVOICE (id, invoice_date, total, executo_id) values (188, '2019-07-04', 1, 188);
insert into INVOICE (id, invoice_date, total, executo_id) values (189, '2019-11-09', 5, 189);
insert into INVOICE (id, invoice_date, total, executo_id) values (190, '2019-07-26', 24, 190);
insert into INVOICE (id, invoice_date, total, executo_id) values (191, '2019-07-25', 7, 191);
insert into INVOICE (id, invoice_date, total, executo_id) values (192, '2019-10-16', 8, 192);
insert into INVOICE (id, invoice_date, total, executo_id) values (193, '2019-08-01', 18, 193);
insert into INVOICE (id, invoice_date, total, executo_id) values (194, '2019-09-08', 19, 194);
insert into INVOICE (id, invoice_date, total, executo_id) values (195, '2020-01-03', 24, 195);
insert into INVOICE (id, invoice_date, total, executo_id) values (196, '2019-06-30', 8, 196);
insert into INVOICE (id, invoice_date, total, executo_id) values (197, '2019-08-31', 0, 197);
insert into INVOICE (id, invoice_date, total, executo_id) values (198, '2020-04-12', 20, 198);
insert into INVOICE (id, invoice_date, total, executo_id) values (199, '2019-07-15', 20, 199);
insert into INVOICE (id, invoice_date, total, executo_id) values (200, '2020-02-22', 22, 200);
insert into INVOICE (id, invoice_date, total, executo_id) values (201, '2019-08-04', 18, 201);
insert into INVOICE (id, invoice_date, total, executo_id) values (202, '2020-02-18', 3, 202);
insert into INVOICE (id, invoice_date, total, executo_id) values (203, '2019-05-24', 21, 203);
insert into INVOICE (id, invoice_date, total, executo_id) values (204, '2019-07-03', 9, 204);
insert into INVOICE (id, invoice_date, total, executo_id) values (205, '2019-10-24', 18, 205);
insert into INVOICE (id, invoice_date, total, executo_id) values (206, '2020-02-11', 8, 206);
insert into INVOICE (id, invoice_date, total, executo_id) values (207, '2019-11-29', 2, 207);
insert into INVOICE (id, invoice_date, total, executo_id) values (208, '2020-04-19', 6, 208);
insert into INVOICE (id, invoice_date, total, executo_id) values (209, '2019-11-06', 5, 209);
insert into INVOICE (id, invoice_date, total, executo_id) values (210, '2019-06-26', 14, 210);
insert into INVOICE (id, invoice_date, total, executo_id) values (211, '2019-10-19', 13, 211);
insert into INVOICE (id, invoice_date, total, executo_id) values (212, '2019-11-01', 8, 212);
insert into INVOICE (id, invoice_date, total, executo_id) values (213, '2019-11-24', 16, 213);
insert into INVOICE (id, invoice_date, total, executo_id) values (214, '2019-12-19', 1, 214);
insert into INVOICE (id, invoice_date, total, executo_id) values (215, '2019-05-21', 7, 215);
insert into INVOICE (id, invoice_date, total, executo_id) values (216, '2019-05-28', 20, 216);
insert into INVOICE (id, invoice_date, total, executo_id) values (217, '2020-01-07', 0, 217);
insert into INVOICE (id, invoice_date, total, executo_id) values (218, '2019-05-27', 24, 218);
insert into INVOICE (id, invoice_date, total, executo_id) values (219, '2019-07-12', 8, 219);
insert into INVOICE (id, invoice_date, total, executo_id) values (220, '2020-03-26', 6, 220);
insert into INVOICE (id, invoice_date, total, executo_id) values (221, '2019-10-15', 21, 221);
insert into INVOICE (id, invoice_date, total, executo_id) values (222, '2019-08-14', 0, 222);
insert into INVOICE (id, invoice_date, total, executo_id) values (223, '2019-09-05', 18, 223);
insert into INVOICE (id, invoice_date, total, executo_id) values (224, '2020-04-15', 3, 224);
insert into INVOICE (id, invoice_date, total, executo_id) values (225, '2019-10-03', 16, 225);
insert into INVOICE (id, invoice_date, total, executo_id) values (226, '2020-03-28', 12, 226);
insert into INVOICE (id, invoice_date, total, executo_id) values (227, '2020-04-20', 8, 227);
insert into INVOICE (id, invoice_date, total, executo_id) values (228, '2019-10-10', 13, 228);
insert into INVOICE (id, invoice_date, total, executo_id) values (229, '2020-01-06', 14, 229);
insert into INVOICE (id, invoice_date, total, executo_id) values (230, '2019-05-19', 21, 230);
insert into INVOICE (id, invoice_date, total, executo_id) values (231, '2019-07-17', 1, 231);
insert into INVOICE (id, invoice_date, total, executo_id) values (232, '2020-01-12', 9, 232);
insert into INVOICE (id, invoice_date, total, executo_id) values (233, '2019-08-11', 8, 233);
insert into INVOICE (id, invoice_date, total, executo_id) values (234, '2019-05-23', 19, 234);
insert into INVOICE (id, invoice_date, total, executo_id) values (235, '2020-03-13', 5, 235);
insert into INVOICE (id, invoice_date, total, executo_id) values (236, '2019-08-29', 9, 236);
insert into INVOICE (id, invoice_date, total, executo_id) values (237, '2020-02-06', 11, 237);
insert into INVOICE (id, invoice_date, total, executo_id) values (238, '2019-09-25', 22, 238);
insert into INVOICE (id, invoice_date, total, executo_id) values (239, '2019-12-17', 9, 239);
insert into INVOICE (id, invoice_date, total, executo_id) values (240, '2019-05-01', 9, 240);
insert into INVOICE (id, invoice_date, total, executo_id) values (241, '2020-01-02', 6, 241);
insert into INVOICE (id, invoice_date, total, executo_id) values (242, '2019-06-26', 6, 242);
insert into INVOICE (id, invoice_date, total, executo_id) values (243, '2019-11-13', 15, 243);
insert into INVOICE (id, invoice_date, total, executo_id) values (244, '2019-06-15', 20, 244);
insert into INVOICE (id, invoice_date, total, executo_id) values (245, '2020-01-18', 19, 245);
insert into INVOICE (id, invoice_date, total, executo_id) values (246, '2019-08-08', 18, 246);
insert into INVOICE (id, invoice_date, total, executo_id) values (247, '2019-10-25', 1, 247);
insert into INVOICE (id, invoice_date, total, executo_id) values (248, '2020-04-20', 1, 248);
insert into INVOICE (id, invoice_date, total, executo_id) values (249, '2019-07-18', 18, 249);
insert into INVOICE (id, invoice_date, total, executo_id) values (250, '2019-07-17', 10, 250);
insert into INVOICE (id, invoice_date, total, executo_id) values (251, '2019-10-23', 10, 251);
insert into INVOICE (id, invoice_date, total, executo_id) values (252, '2019-06-05', 17, 252);
insert into INVOICE (id, invoice_date, total, executo_id) values (253, '2019-07-27', 0, 253);
insert into INVOICE (id, invoice_date, total, executo_id) values (254, '2020-04-07', 20, 254);
insert into INVOICE (id, invoice_date, total, executo_id) values (255, '2019-12-03', 8, 255);
insert into INVOICE (id, invoice_date, total, executo_id) values (256, '2019-12-11', 23, 256);
insert into INVOICE (id, invoice_date, total, executo_id) values (257, '2019-10-23', 3, 257);
insert into INVOICE (id, invoice_date, total, executo_id) values (258, '2019-07-28', 10, 258);
insert into INVOICE (id, invoice_date, total, executo_id) values (259, '2019-10-07', 9, 259);
insert into INVOICE (id, invoice_date, total, executo_id) values (260, '2020-01-16', 22, 260);
insert into INVOICE (id, invoice_date, total, executo_id) values (261, '2020-03-01', 23, 261);
insert into INVOICE (id, invoice_date, total, executo_id) values (262, '2020-02-14', 14, 262);
insert into INVOICE (id, invoice_date, total, executo_id) values (263, '2020-04-20', 0, 263);
insert into INVOICE (id, invoice_date, total, executo_id) values (264, '2019-05-22', 10, 264);
insert into INVOICE (id, invoice_date, total, executo_id) values (265, '2019-04-29', 23, 265);
insert into INVOICE (id, invoice_date, total, executo_id) values (266, '2019-11-02', 19, 266);
insert into INVOICE (id, invoice_date, total, executo_id) values (267, '2019-07-25', 20, 267);
insert into INVOICE (id, invoice_date, total, executo_id) values (268, '2019-10-06', 12, 268);
insert into INVOICE (id, invoice_date, total, executo_id) values (269, '2019-10-01', 12, 269);
insert into INVOICE (id, invoice_date, total, executo_id) values (270, '2019-06-08', 12, 270);
insert into INVOICE (id, invoice_date, total, executo_id) values (271, '2019-11-17', 11, 271);
insert into INVOICE (id, invoice_date, total, executo_id) values (272, '2020-03-07', 15, 272);
insert into INVOICE (id, invoice_date, total, executo_id) values (273, '2019-10-29', 10, 273);
insert into INVOICE (id, invoice_date, total, executo_id) values (274, '2019-06-07', 3, 274);
insert into INVOICE (id, invoice_date, total, executo_id) values (275, '2020-02-10', 12, 275);
insert into INVOICE (id, invoice_date, total, executo_id) values (276, '2019-12-19', 12, 276);
insert into INVOICE (id, invoice_date, total, executo_id) values (277, '2020-04-01', 10, 277);
insert into INVOICE (id, invoice_date, total, executo_id) values (278, '2020-04-06', 10, 278);
insert into INVOICE (id, invoice_date, total, executo_id) values (279, '2019-06-16', 2, 279);
insert into INVOICE (id, invoice_date, total, executo_id) values (280, '2020-04-01', 17, 280);
insert into INVOICE (id, invoice_date, total, executo_id) values (281, '2019-10-01', 22, 281);
insert into INVOICE (id, invoice_date, total, executo_id) values (282, '2019-07-24', 21, 282);
insert into INVOICE (id, invoice_date, total, executo_id) values (283, '2019-08-12', 8, 283);
insert into INVOICE (id, invoice_date, total, executo_id) values (284, '2019-10-16', 9, 284);
insert into INVOICE (id, invoice_date, total, executo_id) values (285, '2019-10-01', 5, 285);
insert into INVOICE (id, invoice_date, total, executo_id) values (286, '2019-11-22', 22, 286);
insert into INVOICE (id, invoice_date, total, executo_id) values (287, '2019-09-03', 14, 287);
insert into INVOICE (id, invoice_date, total, executo_id) values (288, '2019-05-16', 20, 288);
insert into INVOICE (id, invoice_date, total, executo_id) values (289, '2019-12-13', 6, 289);
insert into INVOICE (id, invoice_date, total, executo_id) values (290, '2019-07-11', 24, 290);
insert into INVOICE (id, invoice_date, total, executo_id) values (291, '2020-02-16', 13, 291);
insert into INVOICE (id, invoice_date, total, executo_id) values (292, '2019-09-29', 0, 292);
insert into INVOICE (id, invoice_date, total, executo_id) values (293, '2019-10-19', 14, 293);
insert into INVOICE (id, invoice_date, total, executo_id) values (294, '2019-07-26', 18, 294);
insert into INVOICE (id, invoice_date, total, executo_id) values (295, '2020-03-17', 18, 295);
insert into INVOICE (id, invoice_date, total, executo_id) values (296, '2019-07-31', 1, 296);
insert into INVOICE (id, invoice_date, total, executo_id) values (297, '2019-09-24', 15, 297);
insert into INVOICE (id, invoice_date, total, executo_id) values (298, '2019-11-21', 10, 298);
insert into INVOICE (id, invoice_date, total, executo_id) values (299, '2019-09-06', 17, 299);
insert into INVOICE (id, invoice_date, total, executo_id) values (300, '2019-07-21', 13, 300);


insert into PAYMENT (id, invoice_id, pay_date, amount) values (1, 1, '2020-01-24', '$1838.68');
insert into PAYMENT (id, invoice_id, pay_date, amount) values (2, 2, '2020-01-24', '$8741.73');
insert into PAYMENT (id, invoice_id, pay_date, amount) values (3, 3, '2019-06-26', '$2814.03');
insert into PAYMENT (id, invoice_id, pay_date, amount) values (4, 4, '2019-06-09', '$11129.17');
insert into PAYMENT (id, invoice_id, pay_date, amount) values (5, 5, '2020-03-14', '$9619.92');
insert into PAYMENT (id, invoice_id, pay_date, amount) values (6, 6, '2019-09-13', '$8056.34');
insert into PAYMENT (id, invoice_id, pay_date, amount) values (7, 7, '2020-01-17', '$6973.00');
insert into PAYMENT (id, invoice_id, pay_date, amount) values (8, 8, '2019-10-23', '$4608.66');
insert into PAYMENT (id, invoice_id, pay_date, amount) values (9, 9, '2019-07-11', '$10808.03');
insert into PAYMENT (id, invoice_id, pay_date, amount) values (10, 10, '2019-12-16', '$9167.20');
insert into PAYMENT (id, invoice_id, pay_date, amount) values (11, 11, '2019-05-16', '$11041.48');
insert into PAYMENT (id, invoice_id, pay_date, amount) values (12, 12, '2019-08-05', '$6324.55');
insert into PAYMENT (id, invoice_id, pay_date, amount) values (13, 13, '2020-01-24', '$5440.11');
insert into PAYMENT (id, invoice_id, pay_date, amount) values (14, 14, '2019-06-25', '$5630.81');
insert into PAYMENT (id, invoice_id, pay_date, amount) values (15, 15, '2020-04-16', '$5861.17');
insert into PAYMENT (id, invoice_id, pay_date, amount) values (16, 16, '2019-12-13', '$10950.51');
insert into PAYMENT (id, invoice_id, pay_date, amount) values (17, 17, '2020-02-14', '$5207.17');
insert into PAYMENT (id, invoice_id, pay_date, amount) values (18, 18, '2019-11-11', '$3348.67');
insert into PAYMENT (id, invoice_id, pay_date, amount) values (19, 19, '2019-12-27', '$5094.80');
insert into PAYMENT (id, invoice_id, pay_date, amount) values (20, 20, '2020-02-12', '$9885.33');
insert into PAYMENT (id, invoice_id, pay_date, amount) values (21, 21, '2020-04-26', '$9865.64');
insert into PAYMENT (id, invoice_id, pay_date, amount) values (22, 22, '2019-07-25', '$10809.96');
insert into PAYMENT (id, invoice_id, pay_date, amount) values (23, 23, '2020-03-25', '$5547.12');
insert into PAYMENT (id, invoice_id, pay_date, amount) values (24, 24, '2020-03-14', '$8318.51');
insert into PAYMENT (id, invoice_id, pay_date, amount) values (25, 25, '2019-09-09', '$4136.59');
insert into PAYMENT (id, invoice_id, pay_date, amount) values (26, 26, '2019-08-27', '$4140.29');
insert into PAYMENT (id, invoice_id, pay_date, amount) values (27, 27, '2020-03-22', '$3851.67');
insert into PAYMENT (id, invoice_id, pay_date, amount) values (28, 28, '2019-11-06', '$5666.20');
insert into PAYMENT (id, invoice_id, pay_date, amount) values (29, 29, '2020-01-16', '$11759.82');
insert into PAYMENT (id, invoice_id, pay_date, amount) values (30, 30, '2020-03-23', '$1996.87');
insert into PAYMENT (id, invoice_id, pay_date, amount) values (31, 31, '2019-07-08', '$11790.81');
insert into PAYMENT (id, invoice_id, pay_date, amount) values (32, 32, '2019-07-19', '$5931.90');
insert into PAYMENT (id, invoice_id, pay_date, amount) values (33, 33, '2019-11-18', '$6309.88');
insert into PAYMENT (id, invoice_id, pay_date, amount) values (34, 34, '2019-06-05', '$7001.20');
insert into PAYMENT (id, invoice_id, pay_date, amount) values (35, 35, '2019-08-16', '$6476.33');
insert into PAYMENT (id, invoice_id, pay_date, amount) values (36, 36, '2019-07-04', '$6637.05');
insert into PAYMENT (id, invoice_id, pay_date, amount) values (37, 37, '2019-06-02', '$1662.52');
insert into PAYMENT (id, invoice_id, pay_date, amount) values (38, 38, '2019-10-16', '$1905.18');
insert into PAYMENT (id, invoice_id, pay_date, amount) values (39, 39, '2020-03-30', '$2111.37');
insert into PAYMENT (id, invoice_id, pay_date, amount) values (40, 40, '2019-07-18', '$9649.88');
insert into PAYMENT (id, invoice_id, pay_date, amount) values (41, 41, '2019-07-29', '$4921.77');
insert into PAYMENT (id, invoice_id, pay_date, amount) values (42, 42, '2019-05-31', '$5471.50');
insert into PAYMENT (id, invoice_id, pay_date, amount) values (43, 43, '2019-11-19', '$2527.20');
insert into PAYMENT (id, invoice_id, pay_date, amount) values (44, 44, '2019-10-02', '$1578.30');
insert into PAYMENT (id, invoice_id, pay_date, amount) values (45, 45, '2019-12-16', '$10775.80');
insert into PAYMENT (id, invoice_id, pay_date, amount) values (46, 46, '2019-07-10', '$8207.17');
insert into PAYMENT (id, invoice_id, pay_date, amount) values (47, 47, '2019-08-01', '$1298.72');
insert into PAYMENT (id, invoice_id, pay_date, amount) values (48, 48, '2019-09-02', '$8921.87');
insert into PAYMENT (id, invoice_id, pay_date, amount) values (49, 49, '2019-07-26', '$4696.64');
insert into PAYMENT (id, invoice_id, pay_date, amount) values (50, 50, '2019-09-30', '$4282.68');
insert into PAYMENT (id, invoice_id, pay_date, amount) values (51, 51, '2020-03-11', '$11547.30');
insert into PAYMENT (id, invoice_id, pay_date, amount) values (52, 52, '2019-09-19', '$4849.61');
insert into PAYMENT (id, invoice_id, pay_date, amount) values (53, 53, '2019-11-16', '$10899.56');
insert into PAYMENT (id, invoice_id, pay_date, amount) values (54, 54, '2019-11-19', '$5845.91');
insert into PAYMENT (id, invoice_id, pay_date, amount) values (55, 55, '2020-02-14', '$5638.57');
insert into PAYMENT (id, invoice_id, pay_date, amount) values (56, 56, '2020-03-10', '$5922.69');
insert into PAYMENT (id, invoice_id, pay_date, amount) values (57, 57, '2020-04-21', '$10163.79');
insert into PAYMENT (id, invoice_id, pay_date, amount) values (58, 58, '2019-11-08', '$4970.40');
insert into PAYMENT (id, invoice_id, pay_date, amount) values (59, 59, '2019-12-08', '$3949.48');
insert into PAYMENT (id, invoice_id, pay_date, amount) values (60, 60, '2020-02-10', '$4881.14');
insert into PAYMENT (id, invoice_id, pay_date, amount) values (61, 61, '2019-09-19', '$1789.70');
insert into PAYMENT (id, invoice_id, pay_date, amount) values (62, 62, '2019-12-12', '$10009.67');
insert into PAYMENT (id, invoice_id, pay_date, amount) values (63, 63, '2019-06-05', '$8769.24');
insert into PAYMENT (id, invoice_id, pay_date, amount) values (64, 64, '2019-10-28', '$6086.14');
insert into PAYMENT (id, invoice_id, pay_date, amount) values (65, 65, '2019-09-06', '$9332.20');
insert into PAYMENT (id, invoice_id, pay_date, amount) values (66, 66, '2020-01-21', '$3132.69');
insert into PAYMENT (id, invoice_id, pay_date, amount) values (67, 67, '2020-01-30', '$6819.63');
insert into PAYMENT (id, invoice_id, pay_date, amount) values (68, 68, '2020-03-12', '$11462.22');
insert into PAYMENT (id, invoice_id, pay_date, amount) values (69, 69, '2019-09-02', '$9433.09');
insert into PAYMENT (id, invoice_id, pay_date, amount) values (70, 70, '2020-04-20', '$7319.39');
insert into PAYMENT (id, invoice_id, pay_date, amount) values (71, 71, '2019-12-11', '$9585.23');
insert into PAYMENT (id, invoice_id, pay_date, amount) values (72, 72, '2020-03-16', '$4080.11');
insert into PAYMENT (id, invoice_id, pay_date, amount) values (73, 73, '2020-04-04', '$3949.39');
insert into PAYMENT (id, invoice_id, pay_date, amount) values (74, 74, '2019-10-06', '$10728.58');
insert into PAYMENT (id, invoice_id, pay_date, amount) values (75, 75, '2019-06-29', '$11156.78');
insert into PAYMENT (id, invoice_id, pay_date, amount) values (76, 76, '2019-09-16', '$6555.95');
insert into PAYMENT (id, invoice_id, pay_date, amount) values (77, 77, '2020-01-13', '$6928.25');
insert into PAYMENT (id, invoice_id, pay_date, amount) values (78, 78, '2020-04-20', '$8506.21');
insert into PAYMENT (id, invoice_id, pay_date, amount) values (79, 79, '2019-07-08', '$8914.01');
insert into PAYMENT (id, invoice_id, pay_date, amount) values (80, 80, '2019-09-27', '$6408.32');
insert into PAYMENT (id, invoice_id, pay_date, amount) values (81, 81, '2020-02-23', '$9110.05');
insert into PAYMENT (id, invoice_id, pay_date, amount) values (82, 82, '2019-07-30', '$1100.33');
insert into PAYMENT (id, invoice_id, pay_date, amount) values (83, 83, '2020-01-02', '$6075.45');
insert into PAYMENT (id, invoice_id, pay_date, amount) values (84, 84, '2019-07-23', '$7468.95');
insert into PAYMENT (id, invoice_id, pay_date, amount) values (85, 85, '2019-05-21', '$5256.98');
insert into PAYMENT (id, invoice_id, pay_date, amount) values (86, 86, '2019-07-25', '$11027.51');
insert into PAYMENT (id, invoice_id, pay_date, amount) values (87, 87, '2020-01-31', '$7921.65');
insert into PAYMENT (id, invoice_id, pay_date, amount) values (88, 88, '2019-05-21', '$9016.66');
insert into PAYMENT (id, invoice_id, pay_date, amount) values (89, 89, '2019-06-21', '$7942.29');
insert into PAYMENT (id, invoice_id, pay_date, amount) values (90, 90, '2020-01-20', '$7165.19');
insert into PAYMENT (id, invoice_id, pay_date, amount) values (91, 91, '2019-06-04', '$8752.28');
insert into PAYMENT (id, invoice_id, pay_date, amount) values (92, 92, '2019-09-14', '$10260.02');
insert into PAYMENT (id, invoice_id, pay_date, amount) values (93, 93, '2020-01-01', '$3670.45');
insert into PAYMENT (id, invoice_id, pay_date, amount) values (94, 94, '2019-09-21', '$7811.78');
insert into PAYMENT (id, invoice_id, pay_date, amount) values (95, 95, '2019-07-04', '$6281.13');
insert into PAYMENT (id, invoice_id, pay_date, amount) values (96, 96, '2019-08-04', '$4574.64');
insert into PAYMENT (id, invoice_id, pay_date, amount) values (97, 97, '2019-06-08', '$5488.18');
insert into PAYMENT (id, invoice_id, pay_date, amount) values (98, 98, '2019-08-04', '$2582.14');
insert into PAYMENT (id, invoice_id, pay_date, amount) values (99, 99, '2019-12-20', '$8795.35');
insert into PAYMENT (id, invoice_id, pay_date, amount) values (100, 100, '2019-05-08', '$6538.06');
insert into PAYMENT (id, invoice_id, pay_date, amount) values (101, 101, '2019-09-13', '$3309.50');
insert into PAYMENT (id, invoice_id, pay_date, amount) values (102, 102, '2019-11-09', '$2933.63');
insert into PAYMENT (id, invoice_id, pay_date, amount) values (103, 103, '2020-03-13', '$1333.25');
insert into PAYMENT (id, invoice_id, pay_date, amount) values (104, 104, '2019-05-05', '$2735.49');
insert into PAYMENT (id, invoice_id, pay_date, amount) values (105, 105, '2019-11-27', '$11211.01');
insert into PAYMENT (id, invoice_id, pay_date, amount) values (106, 106, '2019-12-09', '$7262.34');
insert into PAYMENT (id, invoice_id, pay_date, amount) values (107, 107, '2019-06-21', '$11209.39');
insert into PAYMENT (id, invoice_id, pay_date, amount) values (108, 108, '2019-11-10', '$4886.52');
insert into PAYMENT (id, invoice_id, pay_date, amount) values (109, 109, '2019-06-22', '$9289.95');
insert into PAYMENT (id, invoice_id, pay_date, amount) values (110, 110, '2019-06-19', '$9302.92');
insert into PAYMENT (id, invoice_id, pay_date, amount) values (111, 111, '2019-11-10', '$4211.16');
insert into PAYMENT (id, invoice_id, pay_date, amount) values (112, 112, '2019-08-01', '$5575.07');
insert into PAYMENT (id, invoice_id, pay_date, amount) values (113, 113, '2019-05-27', '$10406.67');
insert into PAYMENT (id, invoice_id, pay_date, amount) values (114, 114, '2020-02-22', '$11666.76');
insert into PAYMENT (id, invoice_id, pay_date, amount) values (115, 115, '2020-02-20', '$9665.06');
insert into PAYMENT (id, invoice_id, pay_date, amount) values (116, 116, '2019-07-18', '$9414.00');
insert into PAYMENT (id, invoice_id, pay_date, amount) values (117, 117, '2019-12-10', '$9821.61');
insert into PAYMENT (id, invoice_id, pay_date, amount) values (118, 118, '2020-04-08', '$9794.49');
insert into PAYMENT (id, invoice_id, pay_date, amount) values (119, 119, '2019-11-15', '$11041.33');
insert into PAYMENT (id, invoice_id, pay_date, amount) values (120, 120, '2019-10-01', '$2503.88');
insert into PAYMENT (id, invoice_id, pay_date, amount) values (121, 121, '2019-12-07', '$4471.06');
insert into PAYMENT (id, invoice_id, pay_date, amount) values (122, 122, '2019-07-18', '$9475.65');
insert into PAYMENT (id, invoice_id, pay_date, amount) values (123, 123, '2020-03-23', '$2693.67');
insert into PAYMENT (id, invoice_id, pay_date, amount) values (124, 124, '2019-06-13', '$4806.22');
insert into PAYMENT (id, invoice_id, pay_date, amount) values (125, 125, '2020-04-10', '$8135.99');
insert into PAYMENT (id, invoice_id, pay_date, amount) values (126, 126, '2020-03-04', '$1916.78');
insert into PAYMENT (id, invoice_id, pay_date, amount) values (127, 127, '2020-03-05', '$7916.08');
insert into PAYMENT (id, invoice_id, pay_date, amount) values (128, 128, '2019-11-28', '$9737.40');
insert into PAYMENT (id, invoice_id, pay_date, amount) values (129, 129, '2019-06-08', '$1728.26');
insert into PAYMENT (id, invoice_id, pay_date, amount) values (130, 130, '2019-10-12', '$1913.88');
insert into PAYMENT (id, invoice_id, pay_date, amount) values (131, 131, '2020-01-10', '$5626.91');
insert into PAYMENT (id, invoice_id, pay_date, amount) values (132, 132, '2019-12-07', '$4812.14');
insert into PAYMENT (id, invoice_id, pay_date, amount) values (133, 133, '2020-04-23', '$3686.17');
insert into PAYMENT (id, invoice_id, pay_date, amount) values (134, 134, '2019-07-28', '$3203.08');
insert into PAYMENT (id, invoice_id, pay_date, amount) values (135, 135, '2019-06-29', '$1602.70');
insert into PAYMENT (id, invoice_id, pay_date, amount) values (136, 136, '2019-12-07', '$4969.87');
insert into PAYMENT (id, invoice_id, pay_date, amount) values (137, 137, '2019-11-11', '$1137.49');
insert into PAYMENT (id, invoice_id, pay_date, amount) values (138, 138, '2020-04-05', '$8010.80');
insert into PAYMENT (id, invoice_id, pay_date, amount) values (139, 139, '2019-08-30', '$6473.93');
insert into PAYMENT (id, invoice_id, pay_date, amount) values (140, 140, '2019-07-31', '$11472.75');
insert into PAYMENT (id, invoice_id, pay_date, amount) values (141, 141, '2019-09-25', '$1764.40');
insert into PAYMENT (id, invoice_id, pay_date, amount) values (142, 142, '2019-08-28', '$5844.51');
insert into PAYMENT (id, invoice_id, pay_date, amount) values (143, 143, '2019-11-26', '$2691.54');
insert into PAYMENT (id, invoice_id, pay_date, amount) values (144, 144, '2020-01-15', '$10860.56');
insert into PAYMENT (id, invoice_id, pay_date, amount) values (145, 145, '2019-05-08', '$7264.08');
insert into PAYMENT (id, invoice_id, pay_date, amount) values (146, 146, '2020-02-19', '$1833.66');
insert into PAYMENT (id, invoice_id, pay_date, amount) values (147, 147, '2019-06-27', '$1048.52');
insert into PAYMENT (id, invoice_id, pay_date, amount) values (148, 148, '2020-03-16', '$1907.06');
insert into PAYMENT (id, invoice_id, pay_date, amount) values (149, 149, '2019-08-25', '$4056.91');
insert into PAYMENT (id, invoice_id, pay_date, amount) values (150, 150, '2019-08-10', '$5336.23');
insert into PAYMENT (id, invoice_id, pay_date, amount) values (151, 151, '2019-12-02', '$1871.76');
insert into PAYMENT (id, invoice_id, pay_date, amount) values (152, 152, '2019-11-14', '$2472.25');
insert into PAYMENT (id, invoice_id, pay_date, amount) values (153, 153, '2019-09-20', '$2945.04');
insert into PAYMENT (id, invoice_id, pay_date, amount) values (154, 154, '2020-04-20', '$7444.74');
insert into PAYMENT (id, invoice_id, pay_date, amount) values (155, 155, '2019-07-19', '$5690.32');
insert into PAYMENT (id, invoice_id, pay_date, amount) values (156, 156, '2019-07-11', '$5463.14');
insert into PAYMENT (id, invoice_id, pay_date, amount) values (157, 157, '2019-08-10', '$2321.14');
insert into PAYMENT (id, invoice_id, pay_date, amount) values (158, 158, '2019-06-05', '$11631.68');
insert into PAYMENT (id, invoice_id, pay_date, amount) values (159, 159, '2019-12-26', '$1420.43');
insert into PAYMENT (id, invoice_id, pay_date, amount) values (160, 160, '2019-05-31', '$9412.57');
insert into PAYMENT (id, invoice_id, pay_date, amount) values (161, 161, '2020-03-10', '$7378.42');
insert into PAYMENT (id, invoice_id, pay_date, amount) values (162, 162, '2020-04-12', '$2739.58');
insert into PAYMENT (id, invoice_id, pay_date, amount) values (163, 163, '2019-09-03', '$5256.80');
insert into PAYMENT (id, invoice_id, pay_date, amount) values (164, 164, '2019-04-30', '$9176.93');
insert into PAYMENT (id, invoice_id, pay_date, amount) values (165, 165, '2019-08-14', '$3891.13');
insert into PAYMENT (id, invoice_id, pay_date, amount) values (166, 166, '2019-08-18', '$4773.04');
insert into PAYMENT (id, invoice_id, pay_date, amount) values (167, 167, '2020-03-27', '$7386.95');
insert into PAYMENT (id, invoice_id, pay_date, amount) values (168, 168, '2019-06-04', '$4695.41');
insert into PAYMENT (id, invoice_id, pay_date, amount) values (169, 169, '2019-12-25', '$9029.12');
insert into PAYMENT (id, invoice_id, pay_date, amount) values (170, 170, '2019-04-29', '$1848.83');
insert into PAYMENT (id, invoice_id, pay_date, amount) values (171, 171, '2020-02-15', '$5693.56');
insert into PAYMENT (id, invoice_id, pay_date, amount) values (172, 172, '2019-05-27', '$3916.40');
insert into PAYMENT (id, invoice_id, pay_date, amount) values (173, 173, '2020-04-04', '$4199.85');
insert into PAYMENT (id, invoice_id, pay_date, amount) values (174, 174, '2020-01-04', '$10725.69');
insert into PAYMENT (id, invoice_id, pay_date, amount) values (175, 175, '2019-11-13', '$6823.60');
insert into PAYMENT (id, invoice_id, pay_date, amount) values (176, 176, '2019-10-21', '$7166.73');
insert into PAYMENT (id, invoice_id, pay_date, amount) values (177, 177, '2020-03-25', '$3632.04');
insert into PAYMENT (id, invoice_id, pay_date, amount) values (178, 178, '2020-04-19', '$10571.74');
insert into PAYMENT (id, invoice_id, pay_date, amount) values (179, 179, '2019-08-18', '$1688.37');
insert into PAYMENT (id, invoice_id, pay_date, amount) values (180, 180, '2019-11-03', '$11933.21');
insert into PAYMENT (id, invoice_id, pay_date, amount) values (181, 181, '2020-04-05', '$5521.57');
insert into PAYMENT (id, invoice_id, pay_date, amount) values (182, 182, '2019-08-20', '$5174.55');
insert into PAYMENT (id, invoice_id, pay_date, amount) values (183, 183, '2020-01-20', '$2432.68');
insert into PAYMENT (id, invoice_id, pay_date, amount) values (184, 184, '2020-03-01', '$7780.68');
insert into PAYMENT (id, invoice_id, pay_date, amount) values (185, 185, '2019-12-07', '$11906.38');
insert into PAYMENT (id, invoice_id, pay_date, amount) values (186, 186, '2019-12-05', '$9227.76');
insert into PAYMENT (id, invoice_id, pay_date, amount) values (187, 187, '2019-06-18', '$11187.87');
insert into PAYMENT (id, invoice_id, pay_date, amount) values (188, 188, '2019-05-03', '$4986.95');
insert into PAYMENT (id, invoice_id, pay_date, amount) values (189, 189, '2020-02-12', '$4955.34');
insert into PAYMENT (id, invoice_id, pay_date, amount) values (190, 190, '2020-01-04', '$2736.93');
insert into PAYMENT (id, invoice_id, pay_date, amount) values (191, 191, '2020-03-29', '$9172.12');
insert into PAYMENT (id, invoice_id, pay_date, amount) values (192, 192, '2019-10-10', '$10086.07');
insert into PAYMENT (id, invoice_id, pay_date, amount) values (193, 193, '2019-05-28', '$3310.83');
insert into PAYMENT (id, invoice_id, pay_date, amount) values (194, 194, '2019-05-23', '$3207.94');
insert into PAYMENT (id, invoice_id, pay_date, amount) values (195, 195, '2019-05-05', '$11823.26');
insert into PAYMENT (id, invoice_id, pay_date, amount) values (196, 196, '2019-10-12', '$6830.13');
insert into PAYMENT (id, invoice_id, pay_date, amount) values (197, 197, '2019-09-18', '$6046.84');
insert into PAYMENT (id, invoice_id, pay_date, amount) values (198, 198, '2019-07-09', '$8531.86');
insert into PAYMENT (id, invoice_id, pay_date, amount) values (199, 199, '2019-07-22', '$7616.42');
insert into PAYMENT (id, invoice_id, pay_date, amount) values (200, 200, '2020-01-23', '$1320.94');
insert into PAYMENT (id, invoice_id, pay_date, amount) values (201, 201, '2019-09-20', '$8853.23');
insert into PAYMENT (id, invoice_id, pay_date, amount) values (202, 202, '2020-01-12', '$4772.77');
insert into PAYMENT (id, invoice_id, pay_date, amount) values (203, 203, '2019-11-07', '$7829.40');
insert into PAYMENT (id, invoice_id, pay_date, amount) values (204, 204, '2019-10-17', '$4484.93');
insert into PAYMENT (id, invoice_id, pay_date, amount) values (205, 205, '2020-04-07', '$3942.20');
insert into PAYMENT (id, invoice_id, pay_date, amount) values (206, 206, '2019-05-07', '$5208.50');
insert into PAYMENT (id, invoice_id, pay_date, amount) values (207, 207, '2019-08-21', '$8983.15');
insert into PAYMENT (id, invoice_id, pay_date, amount) values (208, 208, '2019-10-02', '$3879.76');
insert into PAYMENT (id, invoice_id, pay_date, amount) values (209, 209, '2020-04-21', '$7263.98');
insert into PAYMENT (id, invoice_id, pay_date, amount) values (210, 210, '2020-01-25', '$3958.87');
insert into PAYMENT (id, invoice_id, pay_date, amount) values (211, 211, '2020-02-15', '$2002.66');
insert into PAYMENT (id, invoice_id, pay_date, amount) values (212, 212, '2019-06-27', '$11666.09');
insert into PAYMENT (id, invoice_id, pay_date, amount) values (213, 213, '2020-01-22', '$4462.52');
insert into PAYMENT (id, invoice_id, pay_date, amount) values (214, 214, '2020-01-20', '$7658.01');
insert into PAYMENT (id, invoice_id, pay_date, amount) values (215, 215, '2020-01-06', '$4523.52');
insert into PAYMENT (id, invoice_id, pay_date, amount) values (216, 216, '2020-03-02', '$10733.59');
insert into PAYMENT (id, invoice_id, pay_date, amount) values (217, 217, '2019-07-18', '$11557.35');
insert into PAYMENT (id, invoice_id, pay_date, amount) values (218, 218, '2019-05-08', '$10905.18');
insert into PAYMENT (id, invoice_id, pay_date, amount) values (219, 219, '2020-01-30', '$5987.81');
insert into PAYMENT (id, invoice_id, pay_date, amount) values (220, 220, '2019-05-05', '$8085.53');
insert into PAYMENT (id, invoice_id, pay_date, amount) values (221, 221, '2019-12-16', '$1970.32');
insert into PAYMENT (id, invoice_id, pay_date, amount) values (222, 222, '2019-09-03', '$6555.21');
insert into PAYMENT (id, invoice_id, pay_date, amount) values (223, 223, '2019-12-18', '$8937.75');
insert into PAYMENT (id, invoice_id, pay_date, amount) values (224, 224, '2019-10-28', '$7034.64');
insert into PAYMENT (id, invoice_id, pay_date, amount) values (225, 225, '2019-06-01', '$7047.22');
insert into PAYMENT (id, invoice_id, pay_date, amount) values (226, 226, '2019-09-28', '$10899.19');
insert into PAYMENT (id, invoice_id, pay_date, amount) values (227, 227, '2020-04-23', '$6383.85');
insert into PAYMENT (id, invoice_id, pay_date, amount) values (228, 228, '2019-08-15', '$8519.12');
insert into PAYMENT (id, invoice_id, pay_date, amount) values (229, 229, '2020-02-23', '$1059.95');
insert into PAYMENT (id, invoice_id, pay_date, amount) values (230, 230, '2019-10-20', '$7196.01');
insert into PAYMENT (id, invoice_id, pay_date, amount) values (231, 231, '2019-05-13', '$9216.61');
insert into PAYMENT (id, invoice_id, pay_date, amount) values (232, 232, '2019-07-26', '$11137.54');
insert into PAYMENT (id, invoice_id, pay_date, amount) values (233, 233, '2020-02-26', '$8570.46');
insert into PAYMENT (id, invoice_id, pay_date, amount) values (234, 234, '2019-11-11', '$3823.97');
insert into PAYMENT (id, invoice_id, pay_date, amount) values (235, 235, '2020-01-08', '$6986.20');
insert into PAYMENT (id, invoice_id, pay_date, amount) values (236, 236, '2020-03-14', '$10395.35');
insert into PAYMENT (id, invoice_id, pay_date, amount) values (237, 237, '2019-07-02', '$8684.15');
insert into PAYMENT (id, invoice_id, pay_date, amount) values (238, 238, '2020-03-10', '$5565.75');
insert into PAYMENT (id, invoice_id, pay_date, amount) values (239, 239, '2019-08-08', '$4186.39');
insert into PAYMENT (id, invoice_id, pay_date, amount) values (240, 240, '2020-01-02', '$1734.46');
insert into PAYMENT (id, invoice_id, pay_date, amount) values (241, 241, '2019-12-07', '$7222.32');
insert into PAYMENT (id, invoice_id, pay_date, amount) values (242, 242, '2019-05-30', '$3187.87');
insert into PAYMENT (id, invoice_id, pay_date, amount) values (243, 243, '2019-10-16', '$7677.06');
insert into PAYMENT (id, invoice_id, pay_date, amount) values (244, 244, '2020-04-09', '$1512.70');
insert into PAYMENT (id, invoice_id, pay_date, amount) values (245, 245, '2019-12-12', '$5231.36');
insert into PAYMENT (id, invoice_id, pay_date, amount) values (246, 246, '2019-05-15', '$8849.49');
insert into PAYMENT (id, invoice_id, pay_date, amount) values (247, 247, '2020-04-16', '$9167.84');
insert into PAYMENT (id, invoice_id, pay_date, amount) values (248, 248, '2019-07-20', '$10770.62');
insert into PAYMENT (id, invoice_id, pay_date, amount) values (249, 249, '2019-08-19', '$4241.68');
insert into PAYMENT (id, invoice_id, pay_date, amount) values (250, 250, '2020-01-27', '$10036.06');
insert into PAYMENT (id, invoice_id, pay_date, amount) values (251, 251, '2019-11-13', '$7254.70');
insert into PAYMENT (id, invoice_id, pay_date, amount) values (252, 252, '2019-06-02', '$8710.33');
insert into PAYMENT (id, invoice_id, pay_date, amount) values (253, 253, '2019-11-30', '$9686.71');
insert into PAYMENT (id, invoice_id, pay_date, amount) values (254, 254, '2019-12-06', '$9332.98');
insert into PAYMENT (id, invoice_id, pay_date, amount) values (255, 255, '2020-01-10', '$7984.15');
insert into PAYMENT (id, invoice_id, pay_date, amount) values (256, 256, '2019-10-03', '$11413.48');
insert into PAYMENT (id, invoice_id, pay_date, amount) values (257, 257, '2019-05-29', '$3162.08');
insert into PAYMENT (id, invoice_id, pay_date, amount) values (258, 258, '2019-12-21', '$10516.70');
insert into PAYMENT (id, invoice_id, pay_date, amount) values (259, 259, '2020-01-23', '$1819.19');
insert into PAYMENT (id, invoice_id, pay_date, amount) values (260, 260, '2019-05-12', '$4756.39');
insert into PAYMENT (id, invoice_id, pay_date, amount) values (261, 261, '2020-03-31', '$7765.10');
insert into PAYMENT (id, invoice_id, pay_date, amount) values (262, 262, '2019-08-29', '$10017.23');
insert into PAYMENT (id, invoice_id, pay_date, amount) values (263, 263, '2019-07-27', '$1680.13');
insert into PAYMENT (id, invoice_id, pay_date, amount) values (264, 264, '2020-01-08', '$3533.96');
insert into PAYMENT (id, invoice_id, pay_date, amount) values (265, 265, '2019-07-28', '$6992.93');
insert into PAYMENT (id, invoice_id, pay_date, amount) values (266, 266, '2019-06-02', '$5026.08');
insert into PAYMENT (id, invoice_id, pay_date, amount) values (267, 267, '2019-08-18', '$11892.29');
insert into PAYMENT (id, invoice_id, pay_date, amount) values (268, 268, '2020-04-08', '$7229.66');
insert into PAYMENT (id, invoice_id, pay_date, amount) values (269, 269, '2019-09-11', '$1857.05');
insert into PAYMENT (id, invoice_id, pay_date, amount) values (270, 270, '2019-11-20', '$2757.83');
insert into PAYMENT (id, invoice_id, pay_date, amount) values (271, 271, '2019-08-18', '$10239.23');
insert into PAYMENT (id, invoice_id, pay_date, amount) values (272, 272, '2020-01-10', '$9441.18');
insert into PAYMENT (id, invoice_id, pay_date, amount) values (273, 273, '2020-03-26', '$6519.86');
insert into PAYMENT (id, invoice_id, pay_date, amount) values (274, 274, '2019-08-20', '$4976.46');
insert into PAYMENT (id, invoice_id, pay_date, amount) values (275, 275, '2019-08-16', '$5112.99');
insert into PAYMENT (id, invoice_id, pay_date, amount) values (276, 276, '2020-03-19', '$1222.05');
insert into PAYMENT (id, invoice_id, pay_date, amount) values (277, 277, '2019-08-31', '$4971.71');
insert into PAYMENT (id, invoice_id, pay_date, amount) values (278, 278, '2019-06-01', '$2296.98');
insert into PAYMENT (id, invoice_id, pay_date, amount) values (279, 279, '2019-07-26', '$1409.34');
insert into PAYMENT (id, invoice_id, pay_date, amount) values (280, 280, '2019-07-03', '$9574.77');
insert into PAYMENT (id, invoice_id, pay_date, amount) values (281, 281, '2020-03-26', '$4242.09');
insert into PAYMENT (id, invoice_id, pay_date, amount) values (282, 282, '2019-12-16', '$5409.97');
insert into PAYMENT (id, invoice_id, pay_date, amount) values (283, 283, '2019-10-25', '$9201.81');
insert into PAYMENT (id, invoice_id, pay_date, amount) values (284, 284, '2019-08-16', '$9763.11');
insert into PAYMENT (id, invoice_id, pay_date, amount) values (285, 285, '2019-09-12', '$5365.04');
insert into PAYMENT (id, invoice_id, pay_date, amount) values (286, 286, '2019-07-10', '$2073.58');
insert into PAYMENT (id, invoice_id, pay_date, amount) values (287, 287, '2020-04-13', '$8287.05');
insert into PAYMENT (id, invoice_id, pay_date, amount) values (288, 288, '2020-04-08', '$9679.12');
insert into PAYMENT (id, invoice_id, pay_date, amount) values (289, 289, '2020-01-30', '$2850.39');
insert into PAYMENT (id, invoice_id, pay_date, amount) values (290, 290, '2019-05-19', '$3863.51');
insert into PAYMENT (id, invoice_id, pay_date, amount) values (291, 291, '2019-09-04', '$5157.10');
insert into PAYMENT (id, invoice_id, pay_date, amount) values (292, 292, '2019-06-27', '$3782.10');
insert into PAYMENT (id, invoice_id, pay_date, amount) values (293, 293, '2019-08-09', '$4083.72');
insert into PAYMENT (id, invoice_id, pay_date, amount) values (294, 294, '2019-12-12', '$6761.70');
insert into PAYMENT (id, invoice_id, pay_date, amount) values (295, 295, '2020-03-10', '$7577.34');
insert into PAYMENT (id, invoice_id, pay_date, amount) values (296, 296, '2020-04-20', '$7513.24');
insert into PAYMENT (id, invoice_id, pay_date, amount) values (297, 297, '2019-06-13', '$5849.89');
insert into PAYMENT (id, invoice_id, pay_date, amount) values (298, 298, '2019-06-06', '$7903.78');
insert into PAYMENT (id, invoice_id, pay_date, amount) values (299, 299, '2020-01-04', '$9840.21');
insert into PAYMENT (id, invoice_id, pay_date, amount) values (300, 300, '2019-06-26', '$9680.10');

insert into BRANCH (name, phone_number, fax, address, public_transport, private_transport, facilities) values ('Flandes', '{+57 530 657 3839}', '{+86 796 971 0326}', '74430 Elmside Circle', '{Nullam orci pede, venenatis non, sodales sed, tincidunt eu, felis. Fusce posuere felis sed lacus. Morbi sem mauris, laoreet ut, rhoncus aliquet, pulvinar sed, nisl. Nunc rhoncus dui vel sem. Sed sagittis. Nam congue, risus semper porta volutpat, quam pede lobortis ligula, sit amet eleifend pede libero quis orci. Nullam molestie nibh in lectus. Pellentesque at nulla. Suspendisse potenti. Cras in purus eu magna vulputate luctus.}', '{Praesent blandit. Nam nulla. Integer pede justo, lacinia eget, tincidunt eget, tempus vel, pede. Morbi porttitor lorem id ligula. Suspendisse ornare consequat lectus. In est risus, auctor sed, tristique in, tempus sit amet, sem. Fusce consequat. Nulla nisl. Nunc nisl. Duis bibendum, felis sed interdum venenatis, turpis enim blandit mi, in porttitor pede justo eu massa.}', '{Mauris lacinia sapien quis libero. Nullam sit amet turpis elementum ligula vehicula consequat. Morbi a ipsum. Integer a nibh. In quis justo. Maecenas rhoncus aliquam lacus. Morbi quis tortor id nulla ultrices aliquet. Maecenas leo odio, condimentum id, luctus nec, molestie sed, justo. Pellentesque viverra pede ac diam.}');
insert into BRANCH (name, phone_number, fax, address, public_transport, private_transport, facilities) values ('Shanguang', '{+86 279 867 8165}', '{+86 833 800 4649}', '2367 Service Terrace', '{Nulla mollis molestie lorem. Quisque ut erat. Curabitur gravida nisi at nibh. In hac habitasse platea dictumst.}', '{Vestibulum rutrum rutrum neque.}', '{Morbi vel lectus in quam fringilla rhoncus. Mauris enim leo, rhoncus sed, vestibulum sit amet, cursus id, turpis. Integer aliquet, massa id lobortis convallis, tortor risus dapibus augue, vel accumsan tellus nisi eu orci. Mauris lacinia sapien quis libero. Nullam sit amet turpis elementum ligula vehicula consequat. Morbi a ipsum.}');
insert into BRANCH (name, phone_number, fax, address, public_transport, private_transport, facilities) values ('Buenavista', '{+52 389 710 7008}', '{+63 271 478 3329}', '1763 Warrior Circle', '{Sed accumsan felis. Ut at dolor quis odio consequat varius. Integer ac leo. Pellentesque ultrices mattis odio. Donec vitae nisi. Nam ultrices, libero non mattis pulvinar, nulla pede ullamcorper augue, a suscipit nulla elit ac nulla. Sed vel enim sit amet nunc viverra dapibus. Nulla suscipit ligula in lacus.}', '{Etiam justo. Etiam pretium iaculis justo. In hac habitasse platea dictumst. Etiam faucibus cursus urna. Ut tellus. Nulla ut erat id mauris vulputate elementum. Nullam varius. Nulla facilisi. Cras non velit nec nisi vulputate nonummy.}', '{In quis justo. Maecenas rhoncus aliquam lacus. Morbi quis tortor id nulla ultrices aliquet.}');
insert into BRANCH (name, phone_number, fax, address, public_transport, private_transport, facilities) values ('Villazn', '{+591 870 202 6267}', '{+63 496 902 7641}', '6351 East Hill', '{Nulla neque libero, convallis eget, eleifend luctus, ultricies eu, nibh. Quisque id justo sit amet sapien dignissim vestibulum. Vestibulum ante ipsum primis in faucibus orci luctus et ultrices posuere cubilia Curae; Nulla dapibus dolor vel est. Donec odio justo, sollicitudin ut, suscipit a, feugiat et, eros. Vestibulum ac est lacinia nisi venenatis tristique. Fusce congue, diam id ornare imperdiet, sapien urna pretium nisl, ut volutpat sapien arcu sed augue. Aliquam erat volutpat. In congue. Etiam justo.}', '{Vestibulum ante ipsum primis in faucibus orci luctus et ultrices posuere cubilia Curae; Donec pharetra, magna vestibulum aliquet ultrices, erat tortor sollicitudin mi, sit amet lobortis sapien sapien non mi. Integer ac neque. Duis bibendum. Morbi non quam nec dui luctus rutrum.}', '{Lorem ipsum dolor sit amet, consectetuer adipiscing elit. Proin interdum mauris non ligula pellentesque ultrices. Phasellus id sapien in sapien iaculis congue. Vivamus metus arcu, adipiscing molestie, hendrerit at, vulputate vitae, nisl. Aenean lectus. Pellentesque eget nunc. Donec quis orci eget orci vehicula condimentum.}');
insert into BRANCH (name, phone_number, fax, address, public_transport, private_transport, facilities) values ('Swindon', '{+44 884 712 6072}', '{+48 100 833 7567}', '82614 Hauk Parkway', '{Lorem ipsum dolor sit amet, consectetuer adipiscing elit. Proin interdum mauris non ligula pellentesque ultrices. Phasellus id sapien in sapien iaculis congue. Vivamus metus arcu, adipiscing molestie, hendrerit at, vulputate vitae, nisl. Aenean lectus. Pellentesque eget nunc. Donec quis orci eget orci vehicula condimentum. Curabitur in libero ut massa volutpat convallis.}', '{Cum sociis natoque penatibus et magnis dis parturient montes, nascetur ridiculus mus. Vivamus vestibulum sagittis sapien.}', '{Integer a nibh. In quis justo. Maecenas rhoncus aliquam lacus. Morbi quis tortor id nulla ultrices aliquet. Maecenas leo odio, condimentum id, luctus nec, molestie sed, justo. Pellentesque viverra pede ac diam. Cras pellentesque volutpat dui. Maecenas tristique, est et tempus semper, est quam pharetra magna, ac consequat metus sapien ut nunc. Vestibulum ante ipsum primis in faucibus orci luctus et ultrices posuere cubilia Curae; Mauris viverra diam vitae quam. Suspendisse potenti.}');
insert into BRANCH (name, phone_number, fax, address, public_transport, private_transport, facilities) values ('Bartniczka', '{+48 837 910 9444}', '{+63 190 589 3159}', '3 Atwood Park', '{Duis ac nibh. Fusce lacus purus, aliquet at, feugiat non, pretium quis, lectus. Suspendisse potenti. In eleifend quam a odio. In hac habitasse platea dictumst. Maecenas ut massa quis augue luctus tincidunt. Nulla mollis molestie lorem.}', '{Nullam molestie nibh in lectus.}', '{Integer ac neque. Duis bibendum.}');
insert into BRANCH (name, phone_number, fax, address, public_transport, private_transport, facilities) values ('Xiwang', '{+86 242 815 1033}', '{+7 193 918 7202}', '7429 Logan Pass', '{Nulla neque libero, convallis eget, eleifend luctus, ultricies eu, nibh. Quisque id justo sit amet sapien dignissim vestibulum. Vestibulum ante ipsum primis in faucibus orci luctus et ultrices posuere cubilia Curae; Nulla dapibus dolor vel est. Donec odio justo, sollicitudin ut, suscipit a, feugiat et, eros. Vestibulum ac est lacinia nisi venenatis tristique. Fusce congue, diam id ornare imperdiet, sapien urna pretium nisl, ut volutpat sapien arcu sed augue. Aliquam erat volutpat. In congue.}', '{Aliquam non mauris. Morbi non lectus. Aliquam sit amet diam in magna bibendum imperdiet. Nullam orci pede, venenatis non, sodales sed, tincidunt eu, felis. Fusce posuere felis sed lacus. Morbi sem mauris, laoreet ut, rhoncus aliquet, pulvinar sed, nisl. Nunc rhoncus dui vel sem. Sed sagittis. Nam congue, risus semper porta volutpat, quam pede lobortis ligula, sit amet eleifend pede libero quis orci. Nullam molestie nibh in lectus.}', '{Nunc rhoncus dui vel sem. Sed sagittis. Nam congue, risus semper porta volutpat, quam pede lobortis ligula, sit amet eleifend pede libero quis orci. Nullam molestie nibh in lectus.}');
insert into BRANCH (name, phone_number, fax, address, public_transport, private_transport, facilities) values ('Veruela', '{+63 840 828 7392}', '{+86 646 693 6195}', '89935 Service Junction', '{Suspendisse accumsan tortor quis turpis. Sed ante. Vivamus tortor. Duis mattis egestas metus. Aenean fermentum. Donec ut mauris eget massa tempor convallis. Nulla neque libero, convallis eget, eleifend luctus, ultricies eu, nibh. Quisque id justo sit amet sapien dignissim vestibulum. Vestibulum ante ipsum primis in faucibus orci luctus et ultrices posuere cubilia Curae; Nulla dapibus dolor vel est.}', '{Vivamus in felis eu sapien cursus vestibulum. Proin eu mi. Nulla ac enim. In tempor, turpis nec euismod scelerisque, quam turpis adipiscing lorem, vitae mattis nibh ligula nec sem. Duis aliquam convallis nunc. Proin at turpis a pede posuere nonummy. Integer non velit. Donec diam neque, vestibulum eget, vulputate ut, ultrices vel, augue. Vestibulum ante ipsum primis in faucibus orci luctus et ultrices posuere cubilia Curae; Donec pharetra, magna vestibulum aliquet ultrices, erat tortor sollicitudin mi, sit amet lobortis sapien sapien non mi. Integer ac neque.}', '{Quisque id justo sit amet sapien dignissim vestibulum. Vestibulum ante ipsum primis in faucibus orci luctus et ultrices posuere cubilia Curae; Nulla dapibus dolor vel est. Donec odio justo, sollicitudin ut, suscipit a, feugiat et, eros. Vestibulum ac est lacinia nisi venenatis tristique. Fusce congue, diam id ornare imperdiet, sapien urna pretium nisl, ut volutpat sapien arcu sed augue. Aliquam erat volutpat.}');
insert into BRANCH (name, phone_number, fax, address, public_transport, private_transport, facilities) values ('Fatuhilik', '{+62 760 521 2873}', '{+55 410 436 2271}', '98832 Packers Street', '{Praesent lectus. Vestibulum quam sapien, varius ut, blandit non, interdum in, ante. Vestibulum ante ipsum primis in faucibus orci luctus et ultrices posuere cubilia Curae; Duis faucibus accumsan odio. Curabitur convallis. Duis consequat dui nec nisi volutpat eleifend. Donec ut dolor. Morbi vel lectus in quam fringilla rhoncus. Mauris enim leo, rhoncus sed, vestibulum sit amet, cursus id, turpis. Integer aliquet, massa id lobortis convallis, tortor risus dapibus augue, vel accumsan tellus nisi eu orci. Mauris lacinia sapien quis libero.}', '{In hac habitasse platea dictumst. Etiam faucibus cursus urna. Ut tellus. Nulla ut erat id mauris vulputate elementum. Nullam varius. Nulla facilisi. Cras non velit nec nisi vulputate nonummy. Maecenas tincidunt lacus at velit. Vivamus vel nulla eget eros elementum pellentesque.}', '{Duis mattis egestas metus. Aenean fermentum. Donec ut mauris eget massa tempor convallis. Nulla neque libero, convallis eget, eleifend luctus, ultricies eu, nibh. Quisque id justo sit amet sapien dignissim vestibulum. Vestibulum ante ipsum primis in faucibus orci luctus et ultrices posuere cubilia Curae; Nulla dapibus dolor vel est. Donec odio justo, sollicitudin ut, suscipit a, feugiat et, eros.}');

insert into COURSE (id, language, name, price) values (1, 'Korean', 'A', '$871.01');
insert into COURSE (id, language, name, price) values (2, 'Chinese', 'B', '$360.20');
insert into COURSE (id, language, name, price) values (3, 'Italian', 'B', '$586.05');
insert into COURSE (id, language, name, price) values (4, 'English', 'A', '$446.61');
insert into COURSE (id, language, name, price) values (5, 'Greek', 'C', '$539.26');
insert into COURSE (id, language, name, price) values (6, 'Hindi', 'C', '$386.21');
insert into COURSE (id, language, name, price) values (7, 'English', 'A', '$968.88');
insert into COURSE (id, language, name, price) values (8, 'Germany', 'C', '$978.94');

insert into SALES (invoice_number, customer_id, course_id, total, max_no_of_payments) values (1, 1, 1, 95, 14);
insert into SALES (invoice_number, customer_id, course_id, total, max_no_of_payments) values (2, 2, 2, 97, 12);
insert into SALES (invoice_number, customer_id, course_id, total, max_no_of_payments) values (3, 3, 3, 38, 11);
insert into SALES (invoice_number, customer_id, course_id, total, max_no_of_payments) values (4, 4, 4, 39, 13);
insert into SALES (invoice_number, customer_id, course_id, total, max_no_of_payments) values (5, 5, 5, 93, 10);
insert into SALES (invoice_number, customer_id, course_id, total, max_no_of_payments) values (6, 6, 6, 30, 10);
insert into SALES (invoice_number, customer_id, course_id, total, max_no_of_payments) values (7, 7, 7, 65, 15);
insert into SALES (invoice_number, customer_id, course_id, total, max_no_of_payments) values (8, 8, 8, 2, 15);

insert into CLASSROOM (name, capacity, branch_name) values ('BZ-45', 30, 'Swindon');
insert into CLASSROOM (name, capacity, branch_name) values ('B2-30', 60, 'Veruela');
insert into CLASSROOM (name, capacity, branch_name) values ('B2-35', 45, 'Flandes');
insert into CLASSROOM (name, capacity, branch_name) values ('B3-16', 30, 'Swindon');
insert into CLASSROOM (name, capacity, branch_name) values ('B1-6', 60, 'Veruela');
insert into CLASSROOM (name, capacity, branch_name) values ('B6-15', 30, 'Fatuhilik');

insert into LESSON (name, course_no, instructor_id, classroom_id, lesson_date, lesson_ts) values ('Reading', 7, 282, 'BZ-45', '5/9/2019', '18:24:40');
insert into LESSON (name, course_no, instructor_id, classroom_id, lesson_date, lesson_ts) values ('Reading', 4, 280, 'B3-16', '7/3/2019', '10:28:33');
insert into LESSON (name, course_no, instructor_id, classroom_id, lesson_date, lesson_ts) values ('Listening', 4, 287, 'B6-15', '10/19/2019', '17:53:55');
insert into LESSON (name, course_no, instructor_id, classroom_id, lesson_date, lesson_ts) values ('Speaking', 7, 32, 'B6-15', '11/2/2019', '10:40:05');
insert into LESSON (name, course_no, instructor_id, classroom_id, lesson_date, lesson_ts) values ('Writing', 1, 222, 'B6-15', '12/7/2019', '15:49:14');
insert into LESSON (name, course_no, instructor_id, classroom_id, lesson_date, lesson_ts) values ('Writing', 3, 226, 'BZ-45', '11/29/2019', '9:31:25');
insert into LESSON (name, course_no, instructor_id, classroom_id, lesson_date, lesson_ts) values ('Reading', 3, 59, 'BZ-45', '5/2/2019', '11:58:07');
insert into LESSON (name, course_no, instructor_id, classroom_id, lesson_date, lesson_ts) values ('Speaking', 8, 184, 'B6-15', '4/9/2020', '18:34:32');
insert into LESSON (name, course_no, instructor_id, classroom_id, lesson_date, lesson_ts) values ('Reading', 1, 148, 'B1-6', '2/6/2020', '14:24:38');
insert into LESSON (name, course_no, instructor_id, classroom_id, lesson_date, lesson_ts) values ('Reading', 6, 124, 'B1-6', '11/11/2019', '13:06:17');
insert into LESSON (name, course_no, instructor_id, classroom_id, lesson_date, lesson_ts) values ('Listening', 5, 200, 'BZ-45', '2/25/2020', '14:58:35');
insert into LESSON (name, course_no, instructor_id, classroom_id, lesson_date, lesson_ts) values ('Listening', 6, 126, 'BZ-45', '8/19/2019', '9:51:40');
insert into LESSON (name, course_no, instructor_id, classroom_id, lesson_date, lesson_ts) values ('Listening', 1, 58, 'B1-6', '7/20/2019', '16:00:39');
insert into LESSON (name, course_no, instructor_id, classroom_id, lesson_date, lesson_ts) values ('Writing', 8, 16, 'B3-16', '12/24/2019', '11:22:15');
insert into LESSON (name, course_no, instructor_id, classroom_id, lesson_date, lesson_ts) values ('Writing', 4, 11, 'B2-30', '2/29/2020', '12:06:38');
insert into LESSON (name, course_no, instructor_id, classroom_id, lesson_date, lesson_ts) values ('Writing', 7, 246, 'B2-30', '12/31/2019', '9:49:06');
insert into LESSON (name, course_no, instructor_id, classroom_id, lesson_date, lesson_ts) values ('Speaking', 2, 223, 'BZ-45', '3/15/2020', '15:27:45');
insert into LESSON (name, course_no, instructor_id, classroom_id, lesson_date, lesson_ts) values ('Listening', 7, 284, 'BZ-45', '8/18/2019', '11:50:22');
insert into LESSON (name, course_no, instructor_id, classroom_id, lesson_date, lesson_ts) values ('Reading', 2, 273, 'B1-6', '3/14/2020', '18:53:42');
insert into LESSON (name, course_no, instructor_id, classroom_id, lesson_date, lesson_ts) values ('Speaking', 1, 219, 'B2-35', '2/29/2020', '15:58:03');
insert into LESSON (name, course_no, instructor_id, classroom_id, lesson_date, lesson_ts) values ('Writing', 5, 39, 'B2-35', '7/8/2019', '18:39:47');
insert into LESSON (name, course_no, instructor_id, classroom_id, lesson_date, lesson_ts) values ('Listening', 3, 277, 'B1-6', '9/18/2019', '16:52:07');
insert into LESSON (name, course_no, instructor_id, classroom_id, lesson_date, lesson_ts) values ('Reading', 8, 91, 'B1-6', '5/7/2019', '9:28:31');
insert into LESSON (name, course_no, instructor_id, classroom_id, lesson_date, lesson_ts) values ('Speaking', 6, 207, 'B2-35', '1/13/2020', '17:51:41');
insert into LESSON (name, course_no, instructor_id, classroom_id, lesson_date, lesson_ts) values ('Speaking', 3, 299, 'B3-16', '7/30/2019', '9:48:41');
insert into LESSON (name, course_no, instructor_id, classroom_id, lesson_date, lesson_ts) values ('Listening', 8, 248, 'B3-16', '3/27/2020', '17:55:22');


insert into INSTRUCTOR (id, start_date, known_languages, pworking_hours) values (1,  '2020-02-29', '{Germany}', 'aaaaaaaaaaaaaaaaaaaaa');
insert into INSTRUCTOR (id, start_date, known_languages, pworking_hours) values (2,  '2019-07-03', '{Germany}', 'aaaaaaaaaaaaaaaaaaaaa');
insert into INSTRUCTOR (id, start_date, known_languages, pworking_hours) values (3,  '2020-02-22', '{French}', 'aaaaaaaaaaaaaaaaaaaaa');
insert into INSTRUCTOR (id, start_date, known_languages, pworking_hours) values (4,  '2019-09-16', '{French}', 'aaaaaaaaaaaaaaaaaaaaa');
insert into INSTRUCTOR (id, start_date, known_languages, pworking_hours) values (5,  '2019-09-11', '{English}', 'aaaaaaaaaaaaaaaaaaaaa');
insert into INSTRUCTOR (id, start_date, known_languages, pworking_hours) values (6,  '2019-05-24', '{French}', 'aaaaaaaaaaaaaaaaaaaaa');
insert into INSTRUCTOR (id, start_date, known_languages, pworking_hours) values (7,  '2019-08-17', '{English}', 'aaaaaaaaaaaaaaaaaaaaa');
insert into INSTRUCTOR (id, start_date, known_languages, pworking_hours) values (8,  '2019-12-19', '{Germany}', 'aaaaaaaaaaaaaaaaaaaaa');
insert into INSTRUCTOR (id, start_date, known_languages, pworking_hours) values (9,  '2020-01-05', '{French}', 'aaaaaaaaaaaaaaaaaaaaa');
insert into INSTRUCTOR (id, start_date, known_languages, pworking_hours) values (10, '2019-05-27', '{English}', 'aaaaaaaaaaaaaaaaaaaaa');
insert into INSTRUCTOR (id, start_date, known_languages, pworking_hours) values (11, '2019-05-30', '{English}', 'aaaaaaaaaaaaaaaaaaaaa');
insert into INSTRUCTOR (id, start_date, known_languages, pworking_hours) values (12, '2020-04-18', '{English}', 'aaaaaaaaaaaaaaaaaaaaa');
insert into INSTRUCTOR (id, start_date, known_languages, pworking_hours) values (13, '2019-12-26', '{Germany}', 'aaaaaaaaaaaaaaaaaaaaa');
insert into INSTRUCTOR (id, start_date, known_languages, pworking_hours) values (14, '2019-06-29', '{French}', 'aaaaaaaaaaaaaaaaaaaaa');
insert into INSTRUCTOR (id, start_date, known_languages, pworking_hours) values (15, '2020-03-13', '{Germany}', 'aaaaaaaaaaaaaaaaaaaaa');
insert into INSTRUCTOR (id, start_date, known_languages, pworking_hours) values (16, '2019-05-02', '{English}', 'aaaaaaaaaaaaaaaaaaaaa');
insert into INSTRUCTOR (id, start_date, known_languages, pworking_hours) values (17, '2019-11-06', '{French}', 'aaaaaaaaaaaaaaaaaaaaa');
insert into INSTRUCTOR (id, start_date, known_languages, pworking_hours) values (18, '2019-07-14', '{French}', 'aaaaaaaaaaaaaaaaaaaaa');
insert into INSTRUCTOR (id, start_date, known_languages, pworking_hours) values (19, '2019-08-29', '{English}', 'aaaaaaaaaaaaaaaaaaaaa');
insert into INSTRUCTOR (id, start_date, known_languages, pworking_hours) values (20, '2020-02-21', '{French}', 'aaaaaaaaaaaaaaaaaaaaa');
insert into INSTRUCTOR (id, start_date, known_languages, pworking_hours) values (21, '2019-09-13', '{English}', 'aaaaaaaaaaaaaaaaaaaaa');
insert into INSTRUCTOR (id, start_date, known_languages, pworking_hours) values (22, '2020-03-15', '{Germany}', 'aaaaaaaaaaaaaaaaaaaaa');
insert into INSTRUCTOR (id, start_date, known_languages, pworking_hours) values (23, '2019-05-15', '{English}', 'aaaaaaaaaaaaaaaaaaaaa');
insert into INSTRUCTOR (id, start_date, known_languages, pworking_hours) values (24, '2019-06-21', '{French}', 'aaaaaaaaaaaaaaaaaaaaa');
insert into INSTRUCTOR (id, start_date, known_languages, pworking_hours) values (25, '2019-07-11', '{Germany}', 'aaaaaaaaaaaaaaaaaaaaa');
insert into INSTRUCTOR (id, start_date, known_languages, pworking_hours) values (26, '2019-07-30', '{Germany}', 'aaaaaaaaaaaaaaaaaaaaa');
insert into INSTRUCTOR (id, start_date, known_languages, pworking_hours) values (27, '2019-09-05', '{English}', 'aaaaaaaaaaaaaaaaaaaaa');
insert into INSTRUCTOR (id, start_date, known_languages, pworking_hours) values (28, '2019-06-08', '{Germany}', 'aaaaaaaaaaaaaaaaaaaaa');
insert into INSTRUCTOR (id, start_date, known_languages, pworking_hours) values (29, '2019-07-23', '{Germany}', 'aaaaaaaaaaaaaaaaaaaaa');
insert into INSTRUCTOR (id, start_date, known_languages, pworking_hours) values (30, '2020-01-28', '{English}', 'aaaaaaaaaaaaaaaaaaaaa');

insert into INSTRUCTOR_CAN_WORK_IN (branch_name, instructor_id) values ('Buenavista', 19);
insert into INSTRUCTOR_CAN_WORK_IN (branch_name, instructor_id) values ('Buenavista', 2);
insert into INSTRUCTOR_CAN_WORK_IN (branch_name, instructor_id) values ('Swindon', 1);
insert into INSTRUCTOR_CAN_WORK_IN (branch_name, instructor_id) values ('Shanguang', 11);
insert into INSTRUCTOR_CAN_WORK_IN (branch_name, instructor_id) values ('Shanguang', 6);
insert into INSTRUCTOR_CAN_WORK_IN (branch_name, instructor_id) values ('Buenavista', 21);
insert into INSTRUCTOR_CAN_WORK_IN (branch_name, instructor_id) values ('Swindon', 19);
insert into INSTRUCTOR_CAN_WORK_IN (branch_name, instructor_id) values ('Shanguang', 21);
insert into INSTRUCTOR_CAN_WORK_IN (branch_name, instructor_id) values ('Shanguang', 4);
insert into INSTRUCTOR_CAN_WORK_IN (branch_name, instructor_id) values ('Buenavista', 1);
insert into INSTRUCTOR_CAN_WORK_IN (branch_name, instructor_id) values ('Buenavista', 18);
insert into INSTRUCTOR_CAN_WORK_IN (branch_name, instructor_id) values ('Veruela', 20);
insert into INSTRUCTOR_CAN_WORK_IN (branch_name, instructor_id) values ('Flandes', 15);
insert into INSTRUCTOR_CAN_WORK_IN (branch_name, instructor_id) values ('Veruela', 29);
insert into INSTRUCTOR_CAN_WORK_IN (branch_name, instructor_id) values ('Veruela', 9);
insert into INSTRUCTOR_CAN_WORK_IN (branch_name, instructor_id) values ('Shanguang', 25);
insert into INSTRUCTOR_CAN_WORK_IN (branch_name, instructor_id) values ('Buenavista', 5);
insert into INSTRUCTOR_CAN_WORK_IN (branch_name, instructor_id) values ('Shanguang', 9);
insert into INSTRUCTOR_CAN_WORK_IN (branch_name, instructor_id) values ('Flandes', 24);
insert into INSTRUCTOR_CAN_WORK_IN (branch_name, instructor_id) values ('Flandes', 18);
insert into INSTRUCTOR_CAN_WORK_IN (branch_name, instructor_id) values ('Veruela', 6);
insert into INSTRUCTOR_CAN_WORK_IN (branch_name, instructor_id) values ('Swindon', 29);
insert into INSTRUCTOR_CAN_WORK_IN (branch_name, instructor_id) values ('Swindon', 6);
insert into INSTRUCTOR_CAN_WORK_IN (branch_name, instructor_id) values ('Swindon', 2);
insert into INSTRUCTOR_CAN_WORK_IN (branch_name, instructor_id) values ('Flandes', 12);
insert into INSTRUCTOR_CAN_WORK_IN (branch_name, instructor_id) values ('Veruela', 7);
insert into INSTRUCTOR_CAN_WORK_IN (branch_name, instructor_id) values ('Flandes', 2);
insert into INSTRUCTOR_CAN_WORK_IN (branch_name, instructor_id) values ('Flandes', 23);
insert into INSTRUCTOR_CAN_WORK_IN (branch_name, instructor_id) values ('Swindon', 26);
insert into INSTRUCTOR_CAN_WORK_IN (branch_name, instructor_id) values ('Buenavista', 4);

insert into WORKS_ON (person_id, branch_name) values (1, 'Swindon');
insert into WORKS_ON (person_id, branch_name) values (2, 'Shanguang');
insert into WORKS_ON (person_id, branch_name) values (3, 'Swindon');
insert into WORKS_ON (person_id, branch_name) values (4, 'Veruela');
insert into WORKS_ON (person_id, branch_name) values (5, 'Shanguang');
insert into WORKS_ON (person_id, branch_name) values (6, 'Flandes');
insert into WORKS_ON (person_id, branch_name) values (7, 'Shanguang');
insert into WORKS_ON (person_id, branch_name) values (8, 'Flandes');
insert into WORKS_ON (person_id, branch_name) values (9, 'Swindon');
insert into WORKS_ON (person_id, branch_name) values (10, 'Buenavista');
insert into WORKS_ON (person_id, branch_name) values (11, 'Veruela');
insert into WORKS_ON (person_id, branch_name) values (12, 'Shanguang');
insert into WORKS_ON (person_id, branch_name) values (13, 'Veruela');
insert into WORKS_ON (person_id, branch_name) values (14, 'Veruela');
insert into WORKS_ON (person_id, branch_name) values (15, 'Swindon');
insert into WORKS_ON (person_id, branch_name) values (16, 'Shanguang');
insert into WORKS_ON (person_id, branch_name) values (17, 'Veruela');
insert into WORKS_ON (person_id, branch_name) values (18, 'Buenavista');
insert into WORKS_ON (person_id, branch_name) values (19, 'Shanguang');
insert into WORKS_ON (person_id, branch_name) values (20, 'Flandes');
insert into WORKS_ON (person_id, branch_name) values (21, 'Shanguang');
insert into WORKS_ON (person_id, branch_name) values (22, 'Buenavista');
insert into WORKS_ON (person_id, branch_name) values (23, 'Veruela');
insert into WORKS_ON (person_id, branch_name) values (24, 'Shanguang');
insert into WORKS_ON (person_id, branch_name) values (25, 'Buenavista');
insert into WORKS_ON (person_id, branch_name) values (26, 'Shanguang');
insert into WORKS_ON (person_id, branch_name) values (27, 'Flandes');
insert into WORKS_ON (person_id, branch_name) values (28, 'Buenavista');
insert into WORKS_ON (person_id, branch_name) values (29, 'Shanguang');
insert into WORKS_ON (person_id, branch_name) values (30, 'Shanguang');
insert into WORKS_ON (person_id, branch_name) values (31, 'Buenavista');
insert into WORKS_ON (person_id, branch_name) values (32, 'Swindon');
insert into WORKS_ON (person_id, branch_name) values (33, 'Flandes');
insert into WORKS_ON (person_id, branch_name) values (34, 'Shanguang');
insert into WORKS_ON (person_id, branch_name) values (35, 'Buenavista');
insert into WORKS_ON (person_id, branch_name) values (36, 'Buenavista');
insert into WORKS_ON (person_id, branch_name) values (37, 'Veruela');
insert into WORKS_ON (person_id, branch_name) values (38, 'Buenavista');
insert into WORKS_ON (person_id, branch_name) values (39, 'Flandes');
insert into WORKS_ON (person_id, branch_name) values (40, 'Swindon');
insert into WORKS_ON (person_id, branch_name) values (41, 'Flandes');
insert into WORKS_ON (person_id, branch_name) values (42, 'Flandes');
insert into WORKS_ON (person_id, branch_name) values (43, 'Shanguang');
insert into WORKS_ON (person_id, branch_name) values (44, 'Buenavista');
insert into WORKS_ON (person_id, branch_name) values (45, 'Swindon');
insert into WORKS_ON (person_id, branch_name) values (46, 'Buenavista');
insert into WORKS_ON (person_id, branch_name) values (47, 'Veruela');
insert into WORKS_ON (person_id, branch_name) values (48, 'Veruela');
insert into WORKS_ON (person_id, branch_name) values (49, 'Flandes');
insert into WORKS_ON (person_id, branch_name) values (50, 'Veruela');
insert into WORKS_ON (person_id, branch_name) values (51, 'Shanguang');
insert into WORKS_ON (person_id, branch_name) values (52, 'Swindon');
insert into WORKS_ON (person_id, branch_name) values (53, 'Shanguang');
insert into WORKS_ON (person_id, branch_name) values (54, 'Shanguang');
insert into WORKS_ON (person_id, branch_name) values (55, 'Buenavista');
insert into WORKS_ON (person_id, branch_name) values (56, 'Swindon');
insert into WORKS_ON (person_id, branch_name) values (57, 'Buenavista');
insert into WORKS_ON (person_id, branch_name) values (58, 'Swindon');
insert into WORKS_ON (person_id, branch_name) values (59, 'Swindon');
insert into WORKS_ON (person_id, branch_name) values (60, 'Buenavista');
insert into WORKS_ON (person_id, branch_name) values (61, 'Buenavista');
insert into WORKS_ON (person_id, branch_name) values (62, 'Flandes');
insert into WORKS_ON (person_id, branch_name) values (63, 'Flandes');
insert into WORKS_ON (person_id, branch_name) values (64, 'Shanguang');
insert into WORKS_ON (person_id, branch_name) values (65, 'Shanguang');
insert into WORKS_ON (person_id, branch_name) values (66, 'Swindon');
insert into WORKS_ON (person_id, branch_name) values (67, 'Buenavista');
insert into WORKS_ON (person_id, branch_name) values (68, 'Buenavista');
insert into WORKS_ON (person_id, branch_name) values (69, 'Veruela');
insert into WORKS_ON (person_id, branch_name) values (70, 'Swindon');
insert into WORKS_ON (person_id, branch_name) values (71, 'Shanguang');
insert into WORKS_ON (person_id, branch_name) values (72, 'Veruela');
insert into WORKS_ON (person_id, branch_name) values (73, 'Shanguang');
insert into WORKS_ON (person_id, branch_name) values (74, 'Flandes');
insert into WORKS_ON (person_id, branch_name) values (75, 'Swindon');
insert into WORKS_ON (person_id, branch_name) values (76, 'Flandes');
insert into WORKS_ON (person_id, branch_name) values (77, 'Buenavista');
insert into WORKS_ON (person_id, branch_name) values (78, 'Flandes');
insert into WORKS_ON (person_id, branch_name) values (79, 'Swindon');
insert into WORKS_ON (person_id, branch_name) values (80, 'Swindon');
insert into WORKS_ON (person_id, branch_name) values (81, 'Swindon');
insert into WORKS_ON (person_id, branch_name) values (82, 'Shanguang');
insert into WORKS_ON (person_id, branch_name) values (83, 'Veruela');
insert into WORKS_ON (person_id, branch_name) values (84, 'Veruela');
insert into WORKS_ON (person_id, branch_name) values (85, 'Swindon');
insert into WORKS_ON (person_id, branch_name) values (86, 'Buenavista');
insert into WORKS_ON (person_id, branch_name) values (87, 'Shanguang');
insert into WORKS_ON (person_id, branch_name) values (88, 'Swindon');
insert into WORKS_ON (person_id, branch_name) values (89, 'Buenavista');
insert into WORKS_ON (person_id, branch_name) values (90, 'Flandes');
insert into WORKS_ON (person_id, branch_name) values (91, 'Swindon');
insert into WORKS_ON (person_id, branch_name) values (92, 'Flandes');
insert into WORKS_ON (person_id, branch_name) values (93, 'Flandes');
insert into WORKS_ON (person_id, branch_name) values (94, 'Shanguang');
insert into WORKS_ON (person_id, branch_name) values (95, 'Shanguang');
insert into WORKS_ON (person_id, branch_name) values (96, 'Shanguang');
insert into WORKS_ON (person_id, branch_name) values (97, 'Swindon');
insert into WORKS_ON (person_id, branch_name) values (98, 'Shanguang');
insert into WORKS_ON (person_id, branch_name) values (99, 'Shanguang');
insert into WORKS_ON (person_id, branch_name) values (100, 'Flandes');
insert into WORKS_ON (person_id, branch_name) values (101, 'Buenavista');
insert into WORKS_ON (person_id, branch_name) values (102, 'Veruela');
insert into WORKS_ON (person_id, branch_name) values (103, 'Swindon');
insert into WORKS_ON (person_id, branch_name) values (104, 'Veruela');
insert into WORKS_ON (person_id, branch_name) values (105, 'Swindon');
insert into WORKS_ON (person_id, branch_name) values (106, 'Shanguang');
insert into WORKS_ON (person_id, branch_name) values (107, 'Swindon');
insert into WORKS_ON (person_id, branch_name) values (108, 'Veruela');
insert into WORKS_ON (person_id, branch_name) values (109, 'Swindon');
insert into WORKS_ON (person_id, branch_name) values (110, 'Swindon');
insert into WORKS_ON (person_id, branch_name) values (111, 'Veruela');
insert into WORKS_ON (person_id, branch_name) values (112, 'Flandes');
insert into WORKS_ON (person_id, branch_name) values (113, 'Shanguang');
insert into WORKS_ON (person_id, branch_name) values (114, 'Swindon');
insert into WORKS_ON (person_id, branch_name) values (115, 'Flandes');
insert into WORKS_ON (person_id, branch_name) values (116, 'Shanguang');
insert into WORKS_ON (person_id, branch_name) values (117, 'Swindon');
insert into WORKS_ON (person_id, branch_name) values (118, 'Veruela');
insert into WORKS_ON (person_id, branch_name) values (119, 'Veruela');
insert into WORKS_ON (person_id, branch_name) values (120, 'Shanguang');
insert into WORKS_ON (person_id, branch_name) values (121, 'Shanguang');
insert into WORKS_ON (person_id, branch_name) values (122, 'Swindon');
insert into WORKS_ON (person_id, branch_name) values (123, 'Veruela');
insert into WORKS_ON (person_id, branch_name) values (124, 'Shanguang');
insert into WORKS_ON (person_id, branch_name) values (125, 'Flandes');
insert into WORKS_ON (person_id, branch_name) values (126, 'Shanguang');
insert into WORKS_ON (person_id, branch_name) values (127, 'Flandes');
insert into WORKS_ON (person_id, branch_name) values (128, 'Veruela');
insert into WORKS_ON (person_id, branch_name) values (129, 'Swindon');
insert into WORKS_ON (person_id, branch_name) values (130, 'Veruela');
insert into WORKS_ON (person_id, branch_name) values (131, 'Shanguang');
insert into WORKS_ON (person_id, branch_name) values (132, 'Swindon');
insert into WORKS_ON (person_id, branch_name) values (133, 'Veruela');
insert into WORKS_ON (person_id, branch_name) values (134, 'Swindon');
insert into WORKS_ON (person_id, branch_name) values (135, 'Buenavista');
insert into WORKS_ON (person_id, branch_name) values (136, 'Flandes');
insert into WORKS_ON (person_id, branch_name) values (137, 'Buenavista');
insert into WORKS_ON (person_id, branch_name) values (138, 'Veruela');
insert into WORKS_ON (person_id, branch_name) values (139, 'Swindon');
insert into WORKS_ON (person_id, branch_name) values (140, 'Buenavista');
insert into WORKS_ON (person_id, branch_name) values (141, 'Buenavista');
insert into WORKS_ON (person_id, branch_name) values (142, 'Flandes');
insert into WORKS_ON (person_id, branch_name) values (143, 'Flandes');
insert into WORKS_ON (person_id, branch_name) values (144, 'Buenavista');
insert into WORKS_ON (person_id, branch_name) values (145, 'Swindon');
insert into WORKS_ON (person_id, branch_name) values (146, 'Buenavista');
insert into WORKS_ON (person_id, branch_name) values (147, 'Buenavista');
insert into WORKS_ON (person_id, branch_name) values (148, 'Flandes');
insert into WORKS_ON (person_id, branch_name) values (149, 'Shanguang');
insert into WORKS_ON (person_id, branch_name) values (150, 'Flandes');
insert into WORKS_ON (person_id, branch_name) values (151, 'Veruela');
insert into WORKS_ON (person_id, branch_name) values (152, 'Buenavista');
insert into WORKS_ON (person_id, branch_name) values (153, 'Flandes');
insert into WORKS_ON (person_id, branch_name) values (154, 'Flandes');
insert into WORKS_ON (person_id, branch_name) values (155, 'Veruela');
insert into WORKS_ON (person_id, branch_name) values (156, 'Buenavista');
insert into WORKS_ON (person_id, branch_name) values (157, 'Veruela');
insert into WORKS_ON (person_id, branch_name) values (158, 'Shanguang');
insert into WORKS_ON (person_id, branch_name) values (159, 'Swindon');
insert into WORKS_ON (person_id, branch_name) values (160, 'Swindon');
insert into WORKS_ON (person_id, branch_name) values (161, 'Flandes');
insert into WORKS_ON (person_id, branch_name) values (162, 'Flandes');
insert into WORKS_ON (person_id, branch_name) values (163, 'Flandes');
insert into WORKS_ON (person_id, branch_name) values (164, 'Shanguang');
insert into WORKS_ON (person_id, branch_name) values (165, 'Flandes');
insert into WORKS_ON (person_id, branch_name) values (166, 'Veruela');
insert into WORKS_ON (person_id, branch_name) values (167, 'Flandes');
insert into WORKS_ON (person_id, branch_name) values (168, 'Veruela');
insert into WORKS_ON (person_id, branch_name) values (169, 'Veruela');
insert into WORKS_ON (person_id, branch_name) values (170, 'Buenavista');
insert into WORKS_ON (person_id, branch_name) values (171, 'Shanguang');
insert into WORKS_ON (person_id, branch_name) values (172, 'Buenavista');
insert into WORKS_ON (person_id, branch_name) values (173, 'Buenavista');
insert into WORKS_ON (person_id, branch_name) values (174, 'Buenavista');
insert into WORKS_ON (person_id, branch_name) values (175, 'Shanguang');
insert into WORKS_ON (person_id, branch_name) values (176, 'Shanguang');
insert into WORKS_ON (person_id, branch_name) values (177, 'Shanguang');
insert into WORKS_ON (person_id, branch_name) values (178, 'Buenavista');
insert into WORKS_ON (person_id, branch_name) values (179, 'Flandes');
insert into WORKS_ON (person_id, branch_name) values (180, 'Flandes');
insert into WORKS_ON (person_id, branch_name) values (181, 'Buenavista');
insert into WORKS_ON (person_id, branch_name) values (182, 'Swindon');
insert into WORKS_ON (person_id, branch_name) values (183, 'Swindon');
insert into WORKS_ON (person_id, branch_name) values (184, 'Veruela');
insert into WORKS_ON (person_id, branch_name) values (185, 'Shanguang');
insert into WORKS_ON (person_id, branch_name) values (186, 'Veruela');
insert into WORKS_ON (person_id, branch_name) values (187, 'Buenavista');
insert into WORKS_ON (person_id, branch_name) values (188, 'Flandes');
insert into WORKS_ON (person_id, branch_name) values (189, 'Buenavista');
insert into WORKS_ON (person_id, branch_name) values (190, 'Flandes');
insert into WORKS_ON (person_id, branch_name) values (191, 'Flandes');
insert into WORKS_ON (person_id, branch_name) values (192, 'Swindon');
insert into WORKS_ON (person_id, branch_name) values (193, 'Shanguang');
insert into WORKS_ON (person_id, branch_name) values (194, 'Veruela');
insert into WORKS_ON (person_id, branch_name) values (195, 'Swindon');
insert into WORKS_ON (person_id, branch_name) values (196, 'Buenavista');
insert into WORKS_ON (person_id, branch_name) values (197, 'Swindon');
insert into WORKS_ON (person_id, branch_name) values (198, 'Veruela');
insert into WORKS_ON (person_id, branch_name) values (199, 'Veruela');
insert into WORKS_ON (person_id, branch_name) values (200, 'Swindon');
insert into WORKS_ON (person_id, branch_name) values (201, 'Swindon');
insert into WORKS_ON (person_id, branch_name) values (202, 'Swindon');
insert into WORKS_ON (person_id, branch_name) values (203, 'Veruela');
insert into WORKS_ON (person_id, branch_name) values (204, 'Veruela');
insert into WORKS_ON (person_id, branch_name) values (205, 'Shanguang');
insert into WORKS_ON (person_id, branch_name) values (206, 'Buenavista');
insert into WORKS_ON (person_id, branch_name) values (207, 'Veruela');
insert into WORKS_ON (person_id, branch_name) values (208, 'Swindon');
insert into WORKS_ON (person_id, branch_name) values (209, 'Veruela');
insert into WORKS_ON (person_id, branch_name) values (210, 'Buenavista');
insert into WORKS_ON (person_id, branch_name) values (211, 'Buenavista');
insert into WORKS_ON (person_id, branch_name) values (212, 'Veruela');
insert into WORKS_ON (person_id, branch_name) values (213, 'Veruela');
insert into WORKS_ON (person_id, branch_name) values (214, 'Buenavista');
insert into WORKS_ON (person_id, branch_name) values (215, 'Veruela');
insert into WORKS_ON (person_id, branch_name) values (216, 'Swindon');
insert into WORKS_ON (person_id, branch_name) values (217, 'Veruela');
insert into WORKS_ON (person_id, branch_name) values (218, 'Buenavista');
insert into WORKS_ON (person_id, branch_name) values (219, 'Flandes');
insert into WORKS_ON (person_id, branch_name) values (220, 'Flandes');
insert into WORKS_ON (person_id, branch_name) values (221, 'Veruela');
insert into WORKS_ON (person_id, branch_name) values (222, 'Flandes');
insert into WORKS_ON (person_id, branch_name) values (223, 'Veruela');
insert into WORKS_ON (person_id, branch_name) values (224, 'Buenavista');
insert into WORKS_ON (person_id, branch_name) values (225, 'Flandes');
insert into WORKS_ON (person_id, branch_name) values (226, 'Buenavista');
insert into WORKS_ON (person_id, branch_name) values (227, 'Buenavista');
insert into WORKS_ON (person_id, branch_name) values (228, 'Buenavista');
insert into WORKS_ON (person_id, branch_name) values (229, 'Veruela');
insert into WORKS_ON (person_id, branch_name) values (230, 'Swindon');
insert into WORKS_ON (person_id, branch_name) values (231, 'Buenavista');
insert into WORKS_ON (person_id, branch_name) values (232, 'Shanguang');
insert into WORKS_ON (person_id, branch_name) values (233, 'Swindon');
insert into WORKS_ON (person_id, branch_name) values (234, 'Shanguang');
insert into WORKS_ON (person_id, branch_name) values (235, 'Flandes');
insert into WORKS_ON (person_id, branch_name) values (236, 'Veruela');
insert into WORKS_ON (person_id, branch_name) values (237, 'Swindon');
insert into WORKS_ON (person_id, branch_name) values (238, 'Veruela');
insert into WORKS_ON (person_id, branch_name) values (239, 'Flandes');
insert into WORKS_ON (person_id, branch_name) values (240, 'Veruela');
insert into WORKS_ON (person_id, branch_name) values (241, 'Swindon');
insert into WORKS_ON (person_id, branch_name) values (242, 'Buenavista');
insert into WORKS_ON (person_id, branch_name) values (243, 'Buenavista');
insert into WORKS_ON (person_id, branch_name) values (244, 'Shanguang');
insert into WORKS_ON (person_id, branch_name) values (245, 'Shanguang');
insert into WORKS_ON (person_id, branch_name) values (246, 'Buenavista');
insert into WORKS_ON (person_id, branch_name) values (247, 'Swindon');
insert into WORKS_ON (person_id, branch_name) values (248, 'Swindon');
insert into WORKS_ON (person_id, branch_name) values (249, 'Flandes');
insert into WORKS_ON (person_id, branch_name) values (250, 'Shanguang');
insert into WORKS_ON (person_id, branch_name) values (251, 'Swindon');
insert into WORKS_ON (person_id, branch_name) values (252, 'Shanguang');
insert into WORKS_ON (person_id, branch_name) values (253, 'Buenavista');
insert into WORKS_ON (person_id, branch_name) values (254, 'Buenavista');
insert into WORKS_ON (person_id, branch_name) values (255, 'Veruela');
insert into WORKS_ON (person_id, branch_name) values (256, 'Buenavista');
insert into WORKS_ON (person_id, branch_name) values (257, 'Buenavista');
insert into WORKS_ON (person_id, branch_name) values (258, 'Swindon');
insert into WORKS_ON (person_id, branch_name) values (259, 'Swindon');
insert into WORKS_ON (person_id, branch_name) values (260, 'Shanguang');
insert into WORKS_ON (person_id, branch_name) values (261, 'Flandes');
insert into WORKS_ON (person_id, branch_name) values (262, 'Flandes');
insert into WORKS_ON (person_id, branch_name) values (263, 'Swindon');
insert into WORKS_ON (person_id, branch_name) values (264, 'Flandes');
insert into WORKS_ON (person_id, branch_name) values (265, 'Buenavista');
insert into WORKS_ON (person_id, branch_name) values (266, 'Shanguang');
insert into WORKS_ON (person_id, branch_name) values (267, 'Flandes');
insert into WORKS_ON (person_id, branch_name) values (268, 'Veruela');
insert into WORKS_ON (person_id, branch_name) values (269, 'Flandes');
insert into WORKS_ON (person_id, branch_name) values (270, 'Swindon');
insert into WORKS_ON (person_id, branch_name) values (271, 'Swindon');
insert into WORKS_ON (person_id, branch_name) values (272, 'Flandes');
insert into WORKS_ON (person_id, branch_name) values (273, 'Flandes');
insert into WORKS_ON (person_id, branch_name) values (274, 'Swindon');
insert into WORKS_ON (person_id, branch_name) values (275, 'Shanguang');
insert into WORKS_ON (person_id, branch_name) values (276, 'Swindon');
insert into WORKS_ON (person_id, branch_name) values (277, 'Veruela');
insert into WORKS_ON (person_id, branch_name) values (278, 'Buenavista');
insert into WORKS_ON (person_id, branch_name) values (279, 'Veruela');
insert into WORKS_ON (person_id, branch_name) values (280, 'Flandes');
insert into WORKS_ON (person_id, branch_name) values (281, 'Flandes');
insert into WORKS_ON (person_id, branch_name) values (282, 'Flandes');
insert into WORKS_ON (person_id, branch_name) values (283, 'Shanguang');
insert into WORKS_ON (person_id, branch_name) values (284, 'Swindon');
insert into WORKS_ON (person_id, branch_name) values (285, 'Buenavista');
insert into WORKS_ON (person_id, branch_name) values (286, 'Swindon');
insert into WORKS_ON (person_id, branch_name) values (287, 'Swindon');
insert into WORKS_ON (person_id, branch_name) values (288, 'Buenavista');
insert into WORKS_ON (person_id, branch_name) values (289, 'Swindon');
insert into WORKS_ON (person_id, branch_name) values (290, 'Veruela');
insert into WORKS_ON (person_id, branch_name) values (291, 'Flandes');
insert into WORKS_ON (person_id, branch_name) values (292, 'Shanguang');
insert into WORKS_ON (person_id, branch_name) values (293, 'Flandes');
insert into WORKS_ON (person_id, branch_name) values (294, 'Swindon');
insert into WORKS_ON (person_id, branch_name) values (295, 'Veruela');
insert into WORKS_ON (person_id, branch_name) values (296, 'Swindon');
insert into WORKS_ON (person_id, branch_name) values (297, 'Veruela');
insert into WORKS_ON (person_id, branch_name) values (298, 'Swindon');
insert into WORKS_ON (person_id, branch_name) values (299, 'Swindon');
insert into WORKS_ON (person_id, branch_name) values (300, 'Shanguang');